Période,M2 contre,Perte,Jours où M2 fait mieux (%),p-valeur,Conclusion
Validation 2023,B0,MAE,71.19113573407202,1.7278880013785113e-56,référence meilleure
Validation 2023,B0,RMSE,73.9612188365651,1.923879700043574e-46,référence meilleure
Validation 2023,B1,MAE,70.6371191135734,5.135780933567796e-09,référence meilleure
Validation 2023,B1,RMSE,70.6371191135734,1.3566067734785024e-06,référence meilleure
Validation 2023,B2,MAE,79.77839335180056,6.267245734084283e-09,référence meilleure
Validation 2023,B2,RMSE,79.77839335180056,4.691654124331061e-05,référence meilleure
Validation 2023,M1,MAE,51.8005540166205,0.4431393267150801,écart non significatif
Validation 2023,M1,RMSE,53.46260387811634,0.2828904918886419,écart non significatif
Validation 2023,M3,MAE,51.8005540166205,0.2738474209771895,écart non significatif
Validation 2023,M3,RMSE,53.46260387811634,0.0476993730784976,référence meilleure
Validation 2023,M4,MAE,48.199445983379505,0.7524794586622765,écart non significatif
Validation 2023,M4,RMSE,52.63157894736842,0.3335782977279367,écart non significatif
Validation 2023,Plafond,MAE,42.93628808864266,7.174326974885751e-05,autre méthode meilleure
Validation 2023,Plafond,RMSE,42.65927977839335,0.0007001974154314,autre méthode meilleure
Test 2024-2025,B0,MAE,80.35961272475795,5.014833056815228e-162,référence meilleure
Test 2024-2025,B0,RMSE,81.18948824343015,8.572606901240316e-100,référence meilleure
Test 2024-2025,B1,MAE,72.89073305670816,1.495290519462217e-15,référence meilleure
Test 2024-2025,B1,RMSE,73.582295988935,1.3502557993423302e-07,référence meilleure
Test 2024-2025,B2,MAE,80.08298755186722,4.993127711477817e-17,référence meilleure
Test 2024-2025,B2,RMSE,79.25311203319502,3.3268359249063833e-08,référence meilleure
Test 2024-2025,M1,MAE,56.293222683264176,2.6364178062135085e-08,référence meilleure
Test 2024-2025,M1,RMSE,58.921161825726145,4.96055900785629e-08,référence meilleure
Test 2024-2025,M3,MAE,49.51590594744122,0.603036332789022,écart non significatif
Test 2024-2025,M3,RMSE,51.867219917012456,0.0503209717954972,écart non significatif
Test 2024-2025,M4,MAE,58.09128630705395,4.117079080699577e-09,référence meilleure
Test 2024-2025,M4,RMSE,60.7192254495159,1.697187733704788e-08,référence meilleure
Test 2024-2025,Plafond,MAE,37.34439834024896,1.8892181929602463e-11,autre méthode meilleure
Test 2024-2025,Plafond,RMSE,38.72752420470263,2.6333835718853883e-08,autre méthode meilleure
Test bonus 2026,B0,MAE,76.40449438202246,2.8605185443349697e-30,référence meilleure
Test bonus 2026,B0,RMSE,78.08988764044943,9.233457059981423e-31,référence meilleure
Test bonus 2026,B1,MAE,88.76404494382022,8.209200393838202e-10,référence meilleure
Test bonus 2026,B1,RMSE,88.76404494382022,0.0001960032625805,référence meilleure
Test bonus 2026,B2,MAE,87.64044943820225,6.020679360827812e-09,référence meilleure
Test bonus 2026,B2,RMSE,88.20224719101124,0.0009369729956858,référence meilleure
Test bonus 2026,M1,MAE,66.85393258426966,2.042869561736791e-05,référence meilleure
Test bonus 2026,M1,RMSE,65.1685393258427,0.0007089726304867,référence meilleure
Test bonus 2026,M3,MAE,60.1123595505618,0.063594966097224,écart non significatif
Test bonus 2026,M3,RMSE,62.92134831460674,0.0502517582630842,écart non significatif
Test bonus 2026,M4,MAE,60.67415730337079,0.0002353175993959,référence meilleure
Test bonus 2026,M4,RMSE,61.79775280898876,0.0011145952110885,référence meilleure
Test bonus 2026,Plafond,MAE,33.14606741573033,0.0001357248906964,autre méthode meilleure
Test bonus 2026,Plafond,RMSE,34.8314606741573,0.0002099029405284,autre méthode meilleure
