candidat_temperature,variante_meteo,heure_cible,n_predictions,MAE_MW,RMSE_MW
temp_8_villes,M2-A,0,363,1125.2185684423957,1449.6193837712515
temp_8_villes,M2-A,1,363,1121.716096315148,1463.606305945853
temp_8_villes,M2-A,2,363,1136.4126052017975,1492.8619904858351
temp_8_villes,M2-A,3,363,1156.5685352162109,1528.430297349346
temp_8_villes,M2-A,4,363,1169.5103630668668,1559.4819076279982
temp_8_villes,M2-A,5,363,1218.8802225640532,1635.278088841
temp_8_villes,M2-A,6,363,1388.6300042927955,1840.9437798398437
temp_8_villes,M2-A,7,363,1700.2906184595813,2225.4082431301194
temp_8_villes,M2-A,8,363,1773.432287217246,2339.9299563124396
temp_8_villes,M2-A,9,363,1616.972150692759,2172.8244558844876
temp_8_villes,M2-A,10,363,1389.3641749998067,1913.949991031143
temp_8_villes,M2-A,11,363,1270.0141084279337,1764.4044307425722
temp_8_villes,M2-A,12,363,1217.9137702603252,1691.0435667807465
temp_8_villes,M2-A,13,363,2147.6555735297884,2727.7207797577703
temp_8_villes,M2-A,14,363,2155.303517440972,2718.8554272568867
temp_8_villes,M2-A,15,363,2094.394665295304,2628.8362664733813
temp_8_villes,M2-A,16,363,2131.7635844588767,2680.8041671065316
temp_8_villes,M2-A,17,363,2142.696072416608,2698.6549513704363
temp_8_villes,M2-A,18,363,2084.4713046070074,2663.4041046140997
temp_8_villes,M2-A,19,363,2047.9240630084757,2650.795642620831
temp_8_villes,M2-A,20,363,1909.5398503089973,2496.6892402384337
temp_8_villes,M2-A,21,363,1789.761442266556,2351.3173211325984
temp_8_villes,M2-A,22,363,1733.682997631437,2295.37371419833
temp_8_villes,M2-A,23,363,1823.138223971077,2378.0377378701505
temp_8_villes,M2-B,0,363,1025.9619999894956,1305.8207865345137
temp_8_villes,M2-B,1,363,1032.9123422567693,1323.1669174660765
temp_8_villes,M2-B,2,363,1049.893538282009,1361.9259935303369
temp_8_villes,M2-B,3,363,1086.5416734477662,1417.3073558651524
temp_8_villes,M2-B,4,363,1106.1338263269024,1449.5015439181943
temp_8_villes,M2-B,5,363,1153.6434676362737,1529.8013973040495
temp_8_villes,M2-B,6,363,1306.413692441539,1740.0228136935082
temp_8_villes,M2-B,7,363,1614.767169199586,2143.541129527082
temp_8_villes,M2-B,8,363,1694.2351239303357,2266.2831486738046
temp_8_villes,M2-B,9,363,1555.412520231997,2102.803152576623
temp_8_villes,M2-B,10,363,1372.0189074088228,1862.616085073059
temp_8_villes,M2-B,11,363,1258.4271370165645,1729.982722731843
temp_8_villes,M2-B,12,363,1212.8225970446065,1665.1094107753158
temp_8_villes,M2-B,13,363,2065.7133167467,2596.5758667774567
temp_8_villes,M2-B,14,363,2128.367939134881,2649.629980658141
temp_8_villes,M2-B,15,363,2084.8008218406776,2591.2023302483726
temp_8_villes,M2-B,16,363,2123.8080411261703,2647.0514999609995
temp_8_villes,M2-B,17,363,2134.533493868854,2659.105864813992
temp_8_villes,M2-B,18,363,2065.794993618006,2608.7092348704778
temp_8_villes,M2-B,19,363,2013.8113408778165,2566.0532740343633
temp_8_villes,M2-B,20,363,1850.247935163311,2386.0961913524757
temp_8_villes,M2-B,21,363,1716.6649570496763,2221.6236481464484
temp_8_villes,M2-B,22,363,1636.3411363229193,2158.5674531893005
temp_8_villes,M2-B,23,363,1680.548923107504,2208.4545646337447
temp_8_villes,M2-C,0,363,1028.7509972826356,1307.7496083752728
temp_8_villes,M2-C,1,363,1033.8873003618535,1323.7944481768918
temp_8_villes,M2-C,2,363,1049.5030139782878,1361.6759800062744
temp_8_villes,M2-C,3,363,1083.0192032435539,1415.693454198545
temp_8_villes,M2-C,4,363,1098.8530239594081,1445.4497086361228
temp_8_villes,M2-C,5,363,1144.7078607592987,1521.6969733884603
temp_8_villes,M2-C,6,363,1291.7734143315408,1728.9042055336351
temp_8_villes,M2-C,7,363,1601.092681251556,2133.9699607896937
temp_8_villes,M2-C,8,363,1679.1368916640888,2256.41476460755
temp_8_villes,M2-C,9,363,1543.8049574429253,2093.0789630458066
temp_8_villes,M2-C,10,363,1364.7003096301885,1857.7212101545092
temp_8_villes,M2-C,11,363,1258.9752467187184,1730.6430293729372
temp_8_villes,M2-C,12,363,1217.9350559668092,1668.3118313539157
temp_8_villes,M2-C,13,363,2071.951776434768,2601.2412938921693
temp_8_villes,M2-C,14,363,2128.2997738365502,2649.1520222371173
temp_8_villes,M2-C,15,363,2077.1693563038766,2584.156027538306
temp_8_villes,M2-C,16,363,2116.8162725635048,2639.776051135661
temp_8_villes,M2-C,17,363,2133.1642260704934,2653.4970502177694
temp_8_villes,M2-C,18,363,2066.2818224157086,2605.3998414181856
temp_8_villes,M2-C,19,363,2016.233864102502,2566.3636838222606
temp_8_villes,M2-C,20,363,1851.929705556162,2388.541140645701
temp_8_villes,M2-C,21,363,1720.3858983715272,2224.5019938269534
temp_8_villes,M2-C,22,363,1637.9543783604895,2160.126006202546
temp_8_villes,M2-C,23,363,1677.2259201690142,2204.3943797297825
temp_8_villes,M2-D,0,363,984.8600682102111,1279.842315802206
temp_8_villes,M2-D,1,363,986.47533864126,1308.158497712062
temp_8_villes,M2-D,2,363,1005.0299998046489,1325.4712545346326
temp_8_villes,M2-D,3,363,1014.7486206494427,1359.9557270248508
temp_8_villes,M2-D,4,363,1012.7138219215859,1374.4648256210658
temp_8_villes,M2-D,5,363,1054.5270767776062,1430.1156887908387
temp_8_villes,M2-D,6,363,1219.0464780008617,1642.7338828428592
temp_8_villes,M2-D,7,363,1578.9900400173042,2072.183044798352
temp_8_villes,M2-D,8,363,1661.5791748377376,2198.942816827128
temp_8_villes,M2-D,9,363,1512.4353854697902,2040.2724559421856
temp_8_villes,M2-D,10,363,1343.1450663029254,1829.7494510542501
temp_8_villes,M2-D,11,363,1264.8552343399933,1739.2184264694001
temp_8_villes,M2-D,12,363,1249.0188739688679,1716.3729213930426
temp_8_villes,M2-D,13,363,2112.1136526440064,2732.336454035981
temp_8_villes,M2-D,14,363,2130.4158513443167,2708.81881083293
temp_8_villes,M2-D,15,363,2003.7877440076766,2545.6753754631623
temp_8_villes,M2-D,16,363,2054.4533139035193,2624.2236986195435
temp_8_villes,M2-D,17,363,2058.305342290601,2654.9343623481745
temp_8_villes,M2-D,18,363,1997.2083418341617,2596.018020067177
temp_8_villes,M2-D,19,363,1955.0820400606162,2561.2858800632853
temp_8_villes,M2-D,20,363,1813.8871591895584,2401.206290734073
temp_8_villes,M2-D,21,363,1681.524799073215,2222.70694029561
temp_8_villes,M2-D,22,363,1613.9315783115824,2139.134252621402
temp_8_villes,M2-D,23,363,1609.1098582035581,2133.0411173041443
temp_8_villes,M2-E,0,363,967.2245274652369,1276.1384494832462
temp_8_villes,M2-E,1,363,966.5491636993333,1302.8964507646476
temp_8_villes,M2-E,2,363,976.5556170465022,1314.159095437147
temp_8_villes,M2-E,3,363,986.105536932998,1347.9950669731227
temp_8_villes,M2-E,4,363,984.711791722313,1361.2193935165901
temp_8_villes,M2-E,5,363,1014.5327832032536,1414.9204026370696
temp_8_villes,M2-E,6,363,1183.4631578027454,1627.788989829424
temp_8_villes,M2-E,7,363,1541.7911700893683,2057.503954951883
temp_8_villes,M2-E,8,363,1632.1919489428776,2184.3836335024453
temp_8_villes,M2-E,9,363,1496.3461664888357,2032.0486746811903
temp_8_villes,M2-E,10,363,1338.1183776687283,1830.8999432694893
temp_8_villes,M2-E,11,363,1270.5658027076836,1747.6913587734398
temp_8_villes,M2-E,12,363,1260.2077360126143,1731.453606180256
temp_8_villes,M2-E,13,363,2084.0167754556905,2723.0932948810782
temp_8_villes,M2-E,14,363,2101.688833230572,2697.765339112328
temp_8_villes,M2-E,15,363,1971.0279901480048,2530.1720167507306
temp_8_villes,M2-E,16,363,2021.701890378114,2610.6804957302165
temp_8_villes,M2-E,17,363,2023.7306220365606,2641.002036626379
temp_8_villes,M2-E,18,363,1958.855593285321,2581.1300472291264
temp_8_villes,M2-E,19,363,1917.7240879666847,2547.0482878610464
temp_8_villes,M2-E,20,363,1794.5081552281847,2397.5626666315106
temp_8_villes,M2-E,21,363,1656.0644343698611,2216.96133826466
temp_8_villes,M2-E,22,363,1583.5494227767267,2133.1194757940366
temp_8_villes,M2-E,23,363,1591.0151796211949,2129.742804537238
temp_8_villes,M2-F,0,363,945.5171836876676,1233.5886791108535
temp_8_villes,M2-F,1,363,948.112125222399,1264.9356994419284
temp_8_villes,M2-F,2,363,953.9269101200832,1282.2558461922415
temp_8_villes,M2-F,3,363,973.8022821742397,1324.9193430502821
temp_8_villes,M2-F,4,363,976.863164578466,1343.0632875148433
temp_8_villes,M2-F,5,363,1015.102144421094,1404.2856621382434
temp_8_villes,M2-F,6,363,1183.856414193095,1624.1107391187056
temp_8_villes,M2-F,7,363,1541.8069473809765,2057.2908031509796
temp_8_villes,M2-F,8,363,1632.1345706138316,2184.4560909475936
temp_8_villes,M2-F,9,363,1496.587518771161,2031.764993409692
temp_8_villes,M2-F,10,363,1338.581986474288,1828.6520992506596
temp_8_villes,M2-F,11,363,1267.9876715561984,1740.8971788834915
temp_8_villes,M2-F,12,363,1251.2971543589142,1717.7519374031347
temp_8_villes,M2-F,13,363,2068.946868703305,2700.3178955828007
temp_8_villes,M2-F,14,363,2095.247192920302,2690.672111267562
temp_8_villes,M2-F,15,363,1969.42948029699,2527.7932670792356
temp_8_villes,M2-F,16,363,2019.8153503343756,2608.2746797236855
temp_8_villes,M2-F,17,363,2019.156100182812,2635.603746063202
temp_8_villes,M2-F,18,363,1951.546842017776,2571.8962744608175
temp_8_villes,M2-F,19,363,1909.2091949981161,2534.981428749502
temp_8_villes,M2-F,20,363,1780.2798350702872,2377.417489390427
temp_8_villes,M2-F,21,363,1637.3477535407885,2192.753355570541
temp_8_villes,M2-F,22,363,1559.8149063655053,2110.091893699314
temp_8_villes,M2-F,23,363,1567.2351382311058,2108.8842301131017
temp_38_simple,M2-A,0,363,1127.0871101553892,1440.697747681921
temp_38_simple,M2-A,1,363,1123.0410978694988,1454.0206943375963
temp_38_simple,M2-A,2,363,1135.1553347596628,1481.8849997929776
temp_38_simple,M2-A,3,363,1154.5269688065662,1516.3442226102334
temp_38_simple,M2-A,4,363,1170.2974509758792,1548.423811402065
temp_38_simple,M2-A,5,363,1220.0642773366453,1624.5038331286241
temp_38_simple,M2-A,6,363,1384.4951796550938,1828.9149981817911
temp_38_simple,M2-A,7,363,1691.2177963288618,2211.382847198174
temp_38_simple,M2-A,8,363,1764.7958820847095,2324.6223955706205
temp_38_simple,M2-A,9,363,1613.9383194890936,2158.4585638478625
temp_38_simple,M2-A,10,363,1387.9098727414635,1903.7161485926051
temp_38_simple,M2-A,11,363,1270.9376712951832,1757.1871331897871
temp_38_simple,M2-A,12,363,1218.2768970441869,1686.3930970002737
temp_38_simple,M2-A,13,363,2141.9111636477105,2710.2287331165903
temp_38_simple,M2-A,14,363,2152.3290896882663,2706.0653625593004
temp_38_simple,M2-A,15,363,2092.6342699933775,2617.8812795483514
temp_38_simple,M2-A,16,363,2129.7544770044874,2670.4004567494526
temp_38_simple,M2-A,17,363,2139.8288708657724,2687.636766434593
temp_38_simple,M2-A,18,363,2078.6934809836343,2649.956278374583
temp_38_simple,M2-A,19,363,2039.7576498596252,2633.8904976280332
temp_38_simple,M2-A,20,363,1904.3001650469314,2478.243862075983
temp_38_simple,M2-A,21,363,1788.3800979995005,2333.5635383381864
temp_38_simple,M2-A,22,363,1732.3110932001427,2278.3470438732224
temp_38_simple,M2-A,23,363,1822.9020401054281,2362.350246255795
temp_38_simple,M2-B,0,363,1022.0303225924578,1288.8472689930118
temp_38_simple,M2-B,1,363,1024.6629448553413,1305.3644135431196
temp_38_simple,M2-B,2,363,1040.5116357611223,1342.9594542174439
temp_38_simple,M2-B,3,363,1076.277305629452,1395.9118020753485
temp_38_simple,M2-B,4,363,1099.0500668518657,1427.7052982014272
temp_38_simple,M2-B,5,363,1149.3893512880416,1508.2886458198823
temp_38_simple,M2-B,6,363,1292.9378838820085,1720.4812874262807
temp_38_simple,M2-B,7,363,1598.996161212293,2127.508964734533
temp_38_simple,M2-B,8,363,1676.4902115008517,2247.4913683458262
temp_38_simple,M2-B,9,363,1541.7674309219574,2079.6887246676506
temp_38_simple,M2-B,10,363,1356.2057035990722,1839.5195056454772
temp_38_simple,M2-B,11,363,1245.6805337373883,1709.8935052186266
temp_38_simple,M2-B,12,363,1201.3126056541912,1648.3520919169887
temp_38_simple,M2-B,13,363,2059.0338634330187,2586.1454589993195
temp_38_simple,M2-B,14,363,2123.809135032269,2641.2853495029285
temp_38_simple,M2-B,15,363,2082.6203430369046,2583.005641206458
temp_38_simple,M2-B,16,363,2120.290724248198,2638.283967378543
temp_38_simple,M2-B,17,363,2129.8165128017663,2648.448789342279
temp_38_simple,M2-B,18,363,2058.7663453378755,2594.183892862752
temp_38_simple,M2-B,19,363,2000.329869553132,2547.1443802552617
temp_38_simple,M2-B,20,363,1837.0828750368532,2361.3922852608234
temp_38_simple,M2-B,21,363,1707.3843870334983,2192.7586450965173
temp_38_simple,M2-B,22,363,1626.6132610755287,2126.3867367399407
temp_38_simple,M2-B,23,363,1664.203413861624,2170.745589925158
temp_38_simple,M2-C,0,363,1026.4847162829612,1292.0298472743975
temp_38_simple,M2-C,1,363,1031.7308044153817,1307.4548131259512
temp_38_simple,M2-C,2,363,1044.0126879715965,1344.6787825908877
temp_38_simple,M2-C,3,363,1079.2008955565595,1396.8327562885063
temp_38_simple,M2-C,4,363,1098.5695474230051,1427.5469992637022
temp_38_simple,M2-C,5,363,1146.1452539145512,1505.7760835025451
temp_38_simple,M2-C,6,363,1285.7283994318457,1716.213296998667
temp_38_simple,M2-C,7,363,1592.6519172855283,2124.779207665351
temp_38_simple,M2-C,8,363,1671.7329040117545,2244.754952902074
temp_38_simple,M2-C,9,363,1538.135243886321,2077.188069377334
temp_38_simple,M2-C,10,363,1356.389444297358,1839.8914786070784
temp_38_simple,M2-C,11,363,1249.7934964105864,1712.8038543031187
temp_38_simple,M2-C,12,363,1212.5133721818008,1652.2668735942113
temp_38_simple,M2-C,13,363,2065.6483336415363,2584.729581840248
temp_38_simple,M2-C,14,363,2120.6935548379165,2633.58101748815
temp_38_simple,M2-C,15,363,2069.705470257849,2566.5102617627695
temp_38_simple,M2-C,16,363,2108.292704571461,2621.655324138517
temp_38_simple,M2-C,17,363,2121.1884677372373,2634.5673560715227
temp_38_simple,M2-C,18,363,2054.2979272663215,2583.801442014444
temp_38_simple,M2-C,19,363,2002.3888847628039,2542.6847936755694
temp_38_simple,M2-C,20,363,1837.2008977614557,2361.519976224235
temp_38_simple,M2-C,21,363,1713.3719017514027,2195.8624169702016
temp_38_simple,M2-C,22,363,1632.087027772944,2129.890780116672
temp_38_simple,M2-C,23,363,1669.1397821610474,2175.1087501175466
temp_38_simple,M2-D,0,363,1034.8472200584747,1310.7891079557087
temp_38_simple,M2-D,1,363,1042.7743822989162,1337.0418816220126
temp_38_simple,M2-D,2,363,1048.4072181944591,1344.7720752178245
temp_38_simple,M2-D,3,363,1051.4970585823842,1367.5196040511803
temp_38_simple,M2-D,4,363,1043.2720968348756,1378.1886391300122
temp_38_simple,M2-D,5,363,1071.8167949998456,1433.5333823585695
temp_38_simple,M2-D,6,363,1235.1109505021655,1642.773094706421
temp_38_simple,M2-D,7,363,1584.486792008305,2067.89951642278
temp_38_simple,M2-D,8,363,1668.9601254948916,2193.18915474345
temp_38_simple,M2-D,9,363,1539.2904031652217,2037.2870468763713
temp_38_simple,M2-D,10,363,1362.8230195597455,1832.9436257889963
temp_38_simple,M2-D,11,363,1293.1122873510678,1749.5780979140186
temp_38_simple,M2-D,12,363,1278.5771601992462,1742.1668084596683
temp_38_simple,M2-D,13,363,2136.47694183891,2756.5316571688595
temp_38_simple,M2-D,14,363,2144.1716878979546,2716.9639100488116
temp_38_simple,M2-D,15,363,2003.275971748294,2530.322676411782
temp_38_simple,M2-D,16,363,2058.9120659268383,2612.985089920748
temp_38_simple,M2-D,17,363,2064.8705333498847,2646.7182010418032
temp_38_simple,M2-D,18,363,1994.051689336186,2586.450829193308
temp_38_simple,M2-D,19,363,1948.4152129383635,2557.824484477954
temp_38_simple,M2-D,20,363,1827.2687996767436,2406.056673406373
temp_38_simple,M2-D,21,363,1696.6057294813795,2231.6293214830193
temp_38_simple,M2-D,22,363,1631.4071903620181,2143.8576398884093
temp_38_simple,M2-D,23,363,1650.0315787291768,2150.145767178019
temp_38_simple,M2-E,0,363,1007.442448386504,1294.3508759912368
temp_38_simple,M2-E,1,363,1006.9823213499466,1320.125680913423
temp_38_simple,M2-E,2,363,1008.1549692930995,1323.4447184028888
temp_38_simple,M2-E,3,363,1014.2803114481909,1346.2928416803134
temp_38_simple,M2-E,4,363,1009.6434201811638,1356.9786177602493
temp_38_simple,M2-E,5,363,1037.7994084582313,1411.6878392745502
temp_38_simple,M2-E,6,363,1200.244317351021,1621.7529862971116
temp_38_simple,M2-E,7,363,1551.161908077255,2047.070057436461
temp_38_simple,M2-E,8,363,1635.6215482931834,2171.766526577583
temp_38_simple,M2-E,9,363,1511.7689314990484,2019.6366685012665
temp_38_simple,M2-E,10,363,1353.5419265893672,1823.518068255891
temp_38_simple,M2-E,11,363,1288.4253795879051,1746.8902126021515
temp_38_simple,M2-E,12,363,1276.8126600142505,1745.467024766447
temp_38_simple,M2-E,13,363,2089.9434893195516,2732.246675830101
temp_38_simple,M2-E,14,363,2100.9504484768413,2690.985596815724
temp_38_simple,M2-E,15,363,1961.9258607875106,2502.3081389396975
temp_38_simple,M2-E,16,363,2017.4937173835003,2586.628400019581
temp_38_simple,M2-E,17,363,2017.4954635377287,2620.911376329416
temp_38_simple,M2-E,18,363,1943.0131011369808,2560.4498664600765
temp_38_simple,M2-E,19,363,1902.8045236274693,2533.411451308774
temp_38_simple,M2-E,20,363,1795.9837556678267,2390.0050458772107
temp_38_simple,M2-E,21,363,1654.1866961767462,2210.138992092637
temp_38_simple,M2-E,22,363,1577.671570804886,2119.211899296905
temp_38_simple,M2-E,23,363,1598.6883293272779,2126.3362897215006
temp_38_simple,M2-F,0,363,964.8809452828324,1238.6678772360249
temp_38_simple,M2-F,1,363,972.6077390308708,1269.0456711937486
temp_38_simple,M2-F,2,363,972.1594989435906,1279.7310547243576
temp_38_simple,M2-F,3,363,984.0331903441962,1313.1727883304834
temp_38_simple,M2-F,4,363,984.5183703435875,1329.6313441364855
temp_38_simple,M2-F,5,363,1030.791240573886,1394.5242686060053
temp_38_simple,M2-F,6,363,1198.2692304567747,1614.0584145236774
temp_38_simple,M2-F,7,363,1550.3404373702613,2044.794045088154
temp_38_simple,M2-F,8,363,1634.477463284926,2170.4505075074967
temp_38_simple,M2-F,9,363,1506.3612197887921,2017.1427570234691
temp_38_simple,M2-F,10,363,1347.7395947989482,1817.1567492113916
temp_38_simple,M2-F,11,363,1276.2452873380084,1733.8593101704607
temp_38_simple,M2-F,12,363,1262.9131713872048,1723.4767537958007
temp_38_simple,M2-F,13,363,2061.3430277160214,2696.5095783641104
temp_38_simple,M2-F,14,363,2087.1843564226483,2675.0261111897667
temp_38_simple,M2-F,15,363,1955.798529629146,2493.692380149839
temp_38_simple,M2-F,16,363,2011.7272378143919,2577.5416300610023
temp_38_simple,M2-F,17,363,2008.4825465547226,2607.7615402184897
temp_38_simple,M2-F,18,363,1930.099423068632,2542.660261759047
temp_38_simple,M2-F,19,363,1887.1543374976447,2511.362391216221
temp_38_simple,M2-F,20,363,1764.4313232019683,2357.334254429227
temp_38_simple,M2-F,21,363,1618.0417781746307,2172.353242281759
temp_38_simple,M2-F,22,363,1538.9602689702647,2082.0428482898765
temp_38_simple,M2-F,23,363,1556.9228589743125,2090.3968311269387
temp_38_ponderee,M2-A,0,363,1133.3566693818134,1447.4598439002127
temp_38_ponderee,M2-A,1,363,1129.7421848116958,1461.074846893675
temp_38_ponderee,M2-A,2,363,1142.790598586413,1489.6837010707338
temp_38_ponderee,M2-A,3,363,1161.4519549350575,1524.463617100328
temp_38_ponderee,M2-A,4,363,1175.8659003493276,1556.0647878589766
temp_38_ponderee,M2-A,5,363,1224.323779843142,1632.1895700360212
temp_38_ponderee,M2-A,6,363,1391.801236283029,1837.0910251110074
temp_38_ponderee,M2-A,7,363,1702.815366938229,2220.8438376017416
temp_38_ponderee,M2-A,8,363,1776.5761448874002,2334.5806594559535
temp_38_ponderee,M2-A,9,363,1620.4872267038634,2167.3957393207916
temp_38_ponderee,M2-A,10,363,1394.0191754695704,1910.760298082109
temp_38_ponderee,M2-A,11,363,1276.8306225199992,1763.084937138497
temp_38_ponderee,M2-A,12,363,1221.676157391913,1690.5999040563588
temp_38_ponderee,M2-A,13,363,2150.807785132909,2715.3441335171096
temp_38_ponderee,M2-A,14,363,2159.765486297261,2712.0238184944565
temp_38_ponderee,M2-A,15,363,2103.6629897380944,2625.7899205545195
temp_38_ponderee,M2-A,16,363,2140.4042488723467,2677.5446152948343
temp_38_ponderee,M2-A,17,363,2149.453959391266,2694.5158782974927
temp_38_ponderee,M2-A,18,363,2088.814075136226,2658.1194368722167
temp_38_ponderee,M2-A,19,363,2055.0558090983595,2644.4382360003647
temp_38_ponderee,M2-A,20,363,1918.4929136028202,2489.260843123892
temp_38_ponderee,M2-A,21,363,1804.725600660038,2345.520531348748
temp_38_ponderee,M2-A,22,363,1745.569686335126,2290.2269992894057
temp_38_ponderee,M2-A,23,363,1837.1049339325682,2374.2288769206207
temp_38_ponderee,M2-B,0,363,1026.8900064930806,1296.8745842755925
temp_38_ponderee,M2-B,1,363,1033.9279483401733,1313.2631299953619
temp_38_ponderee,M2-B,2,363,1050.620109634481,1350.7486125509508
temp_38_ponderee,M2-B,3,363,1088.2033168850746,1403.235154520075
temp_38_ponderee,M2-B,4,363,1106.4925728026808,1434.8773147729105
temp_38_ponderee,M2-B,5,363,1154.8185027741647,1515.1845038759566
temp_38_ponderee,M2-B,6,363,1298.4620450076982,1727.3354422899117
temp_38_ponderee,M2-B,7,363,1611.6877986515353,2136.1536310194306
temp_38_ponderee,M2-B,8,363,1689.6087257091858,2256.5092781607536
temp_38_ponderee,M2-B,9,363,1553.5596057211264,2088.643336853188
temp_38_ponderee,M2-B,10,363,1368.4699108409006,1848.6290443864164
temp_38_ponderee,M2-B,11,363,1258.0580612854997,1719.5017299145293
temp_38_ponderee,M2-B,12,363,1212.5033712776528,1657.406584023143
temp_38_ponderee,M2-B,13,363,2070.042333533939,2592.109391540298
temp_38_ponderee,M2-B,14,363,2135.692775302472,2647.6716870230207
temp_38_ponderee,M2-B,15,363,2095.337026608483,2591.420991410902
temp_38_ponderee,M2-B,16,363,2132.743953536829,2646.4608299296483
temp_38_ponderee,M2-B,17,363,2139.7322361301244,2657.436136014903
temp_38_ponderee,M2-B,18,363,2072.469253156449,2604.726843644777
temp_38_ponderee,M2-B,19,363,2020.3269975375915,2559.509641423545
temp_38_ponderee,M2-B,20,363,1854.222821852322,2374.3009210207824
temp_38_ponderee,M2-B,21,363,1724.0927550048098,2206.7414278663928
temp_38_ponderee,M2-B,22,363,1640.5546248715502,2140.0059447194644
temp_38_ponderee,M2-B,23,363,1680.5528290151858,2186.2454013565075
temp_38_ponderee,M2-C,0,363,1030.227018020289,1298.3656958558906
temp_38_ponderee,M2-C,1,363,1036.864683194269,1314.0978233420526
temp_38_ponderee,M2-C,2,363,1051.6551823157756,1351.237354448196
temp_38_ponderee,M2-C,3,363,1087.1707571237773,1403.0579808967655
temp_38_ponderee,M2-C,4,363,1103.025813028592,1433.3862389768994
temp_38_ponderee,M2-C,5,363,1148.5668858703077,1510.8620674082567
temp_38_ponderee,M2-C,6,363,1284.9008778126088,1720.804752257229
temp_38_ponderee,M2-C,7,363,1599.9678342046793,2131.076214816698
temp_38_ponderee,M2-C,8,363,1679.9700910535769,2251.2054697727044
temp_38_ponderee,M2-C,9,363,1545.7130398058655,2083.291972469034
temp_38_ponderee,M2-C,10,363,1364.6774981686347,1846.5805503637457
temp_38_ponderee,M2-C,11,363,1260.0940620669517,1720.7786555470047
temp_38_ponderee,M2-C,12,363,1219.0116825907523,1659.5007925986758
temp_38_ponderee,M2-C,13,363,2068.5113918884226,2584.035182607589
temp_38_ponderee,M2-C,14,363,2125.705879405496,2635.004116367185
temp_38_ponderee,M2-C,15,363,2077.6302708168673,2571.8592529019165
temp_38_ponderee,M2-C,16,363,2113.546822677269,2626.8737345054587
temp_38_ponderee,M2-C,17,363,2125.372032848945,2640.6183338905676
temp_38_ponderee,M2-C,18,363,2065.1841450731927,2592.0905280302413
temp_38_ponderee,M2-C,19,363,2018.272913236552,2552.8650650246423
temp_38_ponderee,M2-C,20,363,1854.0501873016792,2372.0278739690325
temp_38_ponderee,M2-C,21,363,1725.620611969574,2207.5166954353576
temp_38_ponderee,M2-C,22,363,1642.3299995066093,2141.6285721716163
temp_38_ponderee,M2-C,23,363,1681.092729090446,2186.5582726889993
temp_38_ponderee,M2-D,0,363,1023.2362946025484,1308.1791680722254
temp_38_ponderee,M2-D,1,363,1030.198053352287,1333.6072072390289
temp_38_ponderee,M2-D,2,363,1038.0064967158696,1343.802245454227
temp_38_ponderee,M2-D,3,363,1042.69742270432,1369.8697153367723
temp_38_ponderee,M2-D,4,363,1032.7186374957662,1381.23719559642
temp_38_ponderee,M2-D,5,363,1063.0238210136633,1434.0193859275973
temp_38_ponderee,M2-D,6,363,1224.9504226364213,1640.0703709014008
temp_38_ponderee,M2-D,7,363,1575.724286344189,2062.9928708899815
temp_38_ponderee,M2-D,8,363,1662.835905565413,2189.4305801607493
temp_38_ponderee,M2-D,9,363,1537.7658042108208,2038.5931562535154
temp_38_ponderee,M2-D,10,363,1363.1894728088948,1837.485625964604
temp_38_ponderee,M2-D,11,363,1292.5730255481828,1756.1761293980765
temp_38_ponderee,M2-D,12,363,1274.4607867100858,1746.0959350258695
temp_38_ponderee,M2-D,13,363,2114.5716079387225,2729.2837880402785
temp_38_ponderee,M2-D,14,363,2125.6157124227652,2694.5051558803434
temp_38_ponderee,M2-D,15,363,1982.1499782960477,2517.466060241524
temp_38_ponderee,M2-D,16,363,2035.1785172058608,2599.8347069074352
temp_38_ponderee,M2-D,17,363,2042.4429971170523,2633.9703101987657
temp_38_ponderee,M2-D,18,363,1977.2609658792094,2580.3816701989654
temp_38_ponderee,M2-D,19,363,1943.0122550837302,2555.26313087405
temp_38_ponderee,M2-D,20,363,1819.411232313951,2404.5571693204706
temp_38_ponderee,M2-D,21,363,1693.8131527794023,2231.9624053636453
temp_38_ponderee,M2-D,22,363,1629.4860121746833,2147.3889896717615
temp_38_ponderee,M2-D,23,363,1650.6321447535165,2155.705423781634
temp_38_ponderee,M2-E,0,363,999.6619309623717,1295.6222760550218
temp_38_ponderee,M2-E,1,363,998.6307978454372,1320.1626074523526
temp_38_ponderee,M2-E,2,363,1001.6506164734662,1326.5884725849319
temp_38_ponderee,M2-E,3,363,1009.7823709937168,1352.9531325022542
temp_38_ponderee,M2-E,4,363,1003.8446961505692,1364.2062882442428
temp_38_ponderee,M2-E,5,363,1032.8642469109423,1416.1952119286564
temp_38_ponderee,M2-E,6,363,1196.4986969170334,1623.0779296259323
temp_38_ponderee,M2-E,7,363,1548.7957786749403,2047.1468150651199
temp_38_ponderee,M2-E,8,363,1635.7685779089582,2173.600960760475
temp_38_ponderee,M2-E,9,363,1514.677299040158,2026.9338593265763
temp_38_ponderee,M2-E,10,363,1359.2639387359097,1832.9963722497976
temp_38_ponderee,M2-E,11,363,1293.7270348942284,1757.4240375949446
temp_38_ponderee,M2-E,12,363,1275.7537332322781,1751.97649311201
temp_38_ponderee,M2-E,13,363,2081.7471589729766,2712.935996563337
temp_38_ponderee,M2-E,14,363,2094.51633994059,2678.010172711483
temp_38_ponderee,M2-E,15,363,1952.484457801068,2500.060718188501
temp_38_ponderee,M2-E,16,363,2002.9562387231797,2583.5557523120106
temp_38_ponderee,M2-E,17,363,2005.5229370298975,2617.195517173342
temp_38_ponderee,M2-E,18,363,1934.4401379952428,2562.3811075710314
temp_38_ponderee,M2-E,19,363,1906.1079441310296,2537.874745912356
temp_38_ponderee,M2-E,20,363,1796.5826403736944,2393.8303690219486
temp_38_ponderee,M2-E,21,363,1657.5606748784382,2215.9762993634004
temp_38_ponderee,M2-E,22,363,1588.0192243692088,2129.014542772953
temp_38_ponderee,M2-E,23,363,1608.75159672957,2137.2548551770055
temp_38_ponderee,M2-F,0,363,963.4712811350473,1242.3739301473179
temp_38_ponderee,M2-F,1,363,968.1065729091282,1271.968573232337
temp_38_ponderee,M2-F,2,363,969.5397871220766,1285.497337157055
temp_38_ponderee,M2-F,3,363,985.7012661762986,1321.4834534978334
temp_38_ponderee,M2-F,4,363,985.2939002843169,1338.3850798532471
temp_38_ponderee,M2-F,5,363,1030.5154909965893,1399.830896835571
temp_38_ponderee,M2-F,6,363,1193.1538535714285,1615.565344346918
temp_38_ponderee,M2-F,7,363,1547.7410704233237,2044.9727546196855
temp_38_ponderee,M2-F,8,363,1634.0946653032709,2172.0564033042965
temp_38_ponderee,M2-F,9,363,1511.018227743191,2023.9761371105665
temp_38_ponderee,M2-F,10,363,1354.8517072850661,1826.6697144951265
temp_38_ponderee,M2-F,11,363,1282.5832821658194,1744.6343577521932
temp_38_ponderee,M2-F,12,363,1260.8411143270355,1730.7197105035323
temp_38_ponderee,M2-F,13,363,2053.867074525162,2678.66553848961
temp_38_ponderee,M2-F,14,363,2081.9279275352355,2662.622659464849
temp_38_ponderee,M2-F,15,363,1947.2861313482888,2491.8713076752815
temp_38_ponderee,M2-F,16,363,1997.27608921533,2574.798947792415
temp_38_ponderee,M2-F,17,363,1995.8224327785333,2604.4283348946847
temp_38_ponderee,M2-F,18,363,1922.5469470781331,2545.311645544777
temp_38_ponderee,M2-F,19,363,1889.566827835189,2516.8920187212443
temp_38_ponderee,M2-F,20,363,1768.0101408897576,2363.1229257964105
temp_38_ponderee,M2-F,21,363,1625.3666072332398,2180.4884235793875
temp_38_ponderee,M2-F,22,363,1550.0485703165425,2094.599173673571
temp_38_ponderee,M2-F,23,363,1566.2080640181543,2103.594837518887
