variante,bloc,n,MAE_MW,RMSE_MW
LAG-A,T1,2134,3527.9663848372265,4472.212735156538
LAG-A,T2,2183,1330.3905326211777,1760.327819148421
LAG-A,T3,2208,1278.3429905309513,1773.600687259906
LAG-A,T4,2181,2716.494990391223,3668.2290123067314
LAG-B,T1,2134,2232.6802198228397,2809.1442662742506
LAG-B,T2,2183,1110.9824713345347,1520.097551862158
LAG-B,T3,2208,921.8494457201259,1317.8630160052476
LAG-B,T4,2181,1952.5804263716996,2586.2610905668416
LAG-C,T1,2134,2855.1173336645525,3495.729574091462
LAG-C,T2,2183,1408.0167189742947,1842.2033214731186
LAG-C,T3,2208,1133.9948345499301,1517.3478184642854
LAG-C,T4,2181,2464.127532876064,3162.170599609086
LAG-D,T1,2134,5645.162934900783,6352.329583096089
LAG-D,T2,2183,1993.207307731536,2389.6711819345737
LAG-D,T3,2208,1784.913406596212,2158.1445348509583
LAG-D,T4,2181,4145.437230292785,5031.0763314916185
