variante,bloc_validation,n_predictions,MAE_MW,RMSE_MW
CAL-A,T1,2136,2261.2325576961666,2823.9972011611812
CAL-A,T2,2184,1233.1217575864018,1726.351677420151
CAL-A,T3,2208,980.276275961446,1440.964779732422
CAL-A,T4,2184,1951.4117403310697,2578.112775613706
CAL-B,T1,2136,2238.6455155716817,2821.392297519024
CAL-B,T2,2184,1131.6658732838368,1556.2837792895111
CAL-B,T3,2208,912.9926553675799,1317.2436252856971
CAL-B,T4,2184,1936.828342228292,2578.6078499318396
CAL-C,T1,2136,2245.9095263269846,2825.7119709720523
CAL-C,T2,2184,1122.8973631953488,1544.4153996748594
CAL-C,T3,2208,921.3832593902647,1317.9403419829002
CAL-C,T4,2184,1951.7824119760194,2586.081127597565
CAL-D,T1,2136,2229.8337459054396,2807.0023744477908
CAL-D,T2,2184,1110.8651177720299,1519.946684320549
CAL-D,T3,2208,921.6774893124401,1317.8007977898128
CAL-D,T4,2184,1951.2997621016848,2585.777106717791
CAL-E,T1,2136,2230.877800233835,2808.520147599568
CAL-E,T2,2184,1108.5790364435054,1517.884242888688
CAL-E,T3,2208,922.4530907668461,1318.2569344515541
CAL-E,T4,2184,1955.4286690056163,2587.8491803480656
CAL-F,T1,2136,2247.1049737544113,2827.5053473488056
CAL-F,T2,2184,1120.72730065271,1542.611204311575
CAL-F,T3,2208,922.0963613500933,1318.3273808219883
CAL-F,T4,2184,1955.7932833009254,2587.985677370529
