candidat_temperature,variante_meteo,nb_variables_meteo,MAE_MW,RMSE_MW,MAE_total_journalier_MWh,MAE_pointe_MW,MAE_heure_pointe_h,nb_jours_complets,gain_MAE_vs_M1_MW,gain_MAE_vs_M1_pct,gain_RMSE_vs_M1_MW,gain_RMSE_vs_M1_pct
temp_38_ponderee,M2-F,7,1503.5349596756732,2052.8914227615387,32893.32985394334,1617.014071721136,1.3085399449035813,363,44.41693142856002,2.8693999912926977,98.21901920186338,4.565968222078596
temp_8_villes,M2-F,7,1504.3168640089075,2066.239665045208,32632.39325007741,1632.1285753020518,1.3553719008264462,363,43.63502709532577,2.8188878056280333,84.87077691819422,3.9454402369377823
temp_38_simple,M2-F,7,1504.3951282070109,2050.4750633235894,32894.88452185245,1606.7346969016664,1.2920110192837466,363,43.55676289722237,2.8138318217468052,100.63537863981264,4.678299016016994
temp_8_villes,M2-E,6,1513.4269485116417,2078.6395819247623,32818.18152218936,1637.2791005044387,1.3305785123966942,363,34.524942592591515,2.230362764566482,72.47086003863978,3.368997640701926
temp_38_ponderee,M2-E,6,1520.8170445702044,2072.731305547881,33277.06529084193,1630.0746738565924,1.4104683195592287,363,27.13484653402884,1.752951541321621,78.37913641552086,3.643659334570529
temp_38_simple,M2-E,6,1523.418187782312,2071.3033763786543,33311.022565756124,1619.7664636578136,1.4297520661157024,363,24.533703321921166,1.5849138117864905,79.80706558474776,3.7100403599875027
temp_8_villes,M2-D,4,1538.2185358252104,2087.162299846508,33441.793267600595,1665.645828063335,1.3608815426997245,363,9.733355279022817,0.6287892624414521,63.948142116893905,2.972796787622208
temp_38_ponderee,M2-D,4,1548.956458569725,2086.609824360456,33867.88159171277,1657.7826967424842,1.4462809917355373,363,-1.0045674654918457,-0.06489655597598944,64.50061760294602,2.9984800568432832
temp_38_simple,M2-D,4,1558.7692879389726,2091.317349948191,34049.47701215797,1659.7772880321213,1.4022038567493114,363,-10.817396834739384,-0.69881996313353,59.79309201521119,2.779638406693601
temp_38_simple,M2-C,3,1571.9626514829677,2082.975607074862,34021.584248014864,1720.4022433913226,1.43801652892562,363,-24.010760378734403,-1.5511309180032915,68.1348348885399,3.167426160897187
temp_38_simple,M2-B,2,1572.3026203306963,2086.3128297612225,33987.63321656582,1741.7897448444005,1.415977961432507,363,-24.350729226463045,-1.5730934124246216,64.79761220217961,3.012286628251235
temp_8_villes,M2-C,3,1578.8980396156442,2101.5458219204183,34236.70099765328,1740.7141254309122,1.4683195592286502,363,-30.94614851141091,-1.999167331313859,49.564620042983734,2.3041411113110577
temp_38_ponderee,M2-C,3,1579.548433711297,2089.5720652513037,34185.927174032935,1735.251269315749,1.465564738292011,363,-31.59654260706384,-2.0411837595627347,61.5383767120984,2.8607725345766037
temp_8_villes,M2-B,2,1582.0757039195491,2104.424606867006,34304.55032907706,1755.8942172480224,1.5096418732782368,363,-34.12381281531589,-2.2044491829118558,46.685835096396204,2.170313257081502
temp_38_ponderee,M2-B,2,1584.1278992488753,2095.5248768166566,34252.15241730691,1756.5090135967887,1.4325068870523416,363,-36.17600814464208,-2.3370240607953185,55.585565146745466,2.584040505889152
temp_38_simple,M2-A,1,1636.8560940390462,2177.2469537427155,35520.491418158774,1784.1577868690308,1.4793388429752066,363,-88.90420293481293,-5.7433440564740685,-26.136511779313423,-1.2150241693521608
temp_8_villes,M2-A,1,1639.3856166705007,2190.0110594035164,35524.82228731354,1788.574181031423,1.581267217630854,363,-91.43372556626741,-5.906754989720195,-38.900617440114274,-1.808397034445529
temp_38_ponderee,M2-A,1,1646.0664377624364,2185.388715443446,35659.50955632097,1796.8315031264967,1.5289256198347108,363,-98.11454665820315,-6.338345992666026,-34.278273480043936,-1.593515275243461
