candidat_temperature,variante_meteo,bloc_validation,n_predictions,MAE_MW,RMSE_MW
temp_8_villes,M2-A,T1,2136,2242.283499431198,2818.4188037561694
temp_8_villes,M2-A,T2,2184,1178.3293112584395,1558.3172306230658
temp_8_villes,M2-A,T3,2208,1351.4331866405582,1770.8816825139986
temp_8_villes,M2-A,T4,2184,1801.9112846875366,2400.864438872799
temp_8_villes,M2-B,T1,2136,2055.9761579235783,2633.5335271131958
temp_8_villes,M2-B,T2,2184,1191.7635905834447,1542.20160574878
temp_8_villes,M2-B,T3,2208,1362.6130881744666,1809.174177750038
temp_8_villes,M2-B,T4,2184,1730.7770506863028,2279.3003733566115
temp_8_villes,M2-C,T1,2136,2058.6137923152705,2639.072247949009
temp_8_villes,M2-C,T2,2184,1191.7601405079015,1547.0828571981524
temp_8_villes,M2-C,T3,2208,1355.321729124987,1798.4428692115232
temp_8_villes,M2-C,T4,2184,1722.8965824033178,2267.688154229884
temp_8_villes,M2-D,T1,2136,2178.386537093783,2857.4837680841833
temp_8_villes,M2-D,T2,2184,1185.9257652322576,1537.1299520719208
temp_8_villes,M2-D,T3,2208,1006.8024575504345,1326.0191014532863
temp_8_villes,M2-D,T4,2184,1801.6687469497717,2291.492823890662
temp_8_villes,M2-E,T1,2136,2195.540629363211,2882.5905110240537
temp_8_villes,M2-E,T2,2184,1195.5730077544047,1553.03835641782
temp_8_villes,M2-E,T3,2208,937.5678214697764,1262.0390770531078
temp_8_villes,M2-E,T4,2184,1746.3459672036267,2255.351516901614
temp_8_villes,M2-F,T1,2136,2177.173402771002,2861.806395087576
temp_8_villes,M2-F,T2,2184,1194.4554125712507,1552.230357100951
temp_8_villes,M2-F,T3,2208,934.2801109340825,1259.8300169560964
temp_8_villes,M2-F,T4,2184,1732.4107256999428,2237.52096449439
temp_38_simple,M2-A,T1,2136,2206.993571786497,2780.6355949174063
temp_38_simple,M2-A,T2,2184,1180.07563456203,1540.5485414667837
temp_38_simple,M2-A,T3,2208,1405.005046990356,1828.836955478404
temp_38_simple,M2-A,T4,2184,1770.428430537561,2364.917417419407
temp_38_simple,M2-B,T1,2136,1996.6502216915433,2579.76157592871
temp_38_simple,M2-B,T2,2184,1190.829489783098,1525.5350188899351
temp_38_simple,M2-B,T3,2208,1408.4912104352204,1853.9333990785785
temp_38_simple,M2-B,T4,2184,1704.3660057054194,2247.659796444148
temp_38_simple,M2-C,T1,2136,2014.2000959684797,2592.052816511475
temp_38_simple,M2-C,T2,2184,1200.8917769506113,1543.9337422575547
temp_38_simple,M2-C,T3,2208,1388.574128896054,1829.9076956871543
temp_38_simple,M2-C,T4,2184,1695.919366881099,2228.7454628683045
temp_38_simple,M2-D,T1,2136,2271.4577464954896,2931.2138949619352
temp_38_simple,M2-D,T2,2184,1212.2045704538234,1515.7984522506802
temp_38_simple,M2-D,T3,2208,989.773633969416,1298.1061688952475
temp_38_simple,M2-D,T4,2184,1783.5573829369712,2245.4287042163432
temp_38_simple,M2-E,T1,2136,2275.5662171331624,2937.724025297663
temp_38_simple,M2-E,T2,2184,1164.372386555847,1493.4813065843557
temp_38_simple,M2-E,T3,2208,937.941525607258,1240.762761540722
temp_38_simple,M2-E,T4,2184,1738.7571572272304,2210.565811943892
temp_38_simple,M2-F,T1,2136,2233.3594628582287,2898.602164315308
temp_38_simple,M2-F,T2,2184,1159.8149370960582,1493.5331490044528
temp_38_simple,M2-F,T3,2208,933.0847053856464,1242.5032552523467
temp_38_simple,M2-F,T4,2184,1713.6207381707893,2182.4140606366504
temp_38_ponderee,M2-A,T1,2136,2205.55806592403,2787.0067775196294
temp_38_ponderee,M2-A,T2,2184,1207.3220213786335,1569.6868227997682
temp_38_ponderee,M2-A,T3,2208,1397.8584010929178,1818.2481916493239
temp_38_ponderee,M2-A,T4,2184,1788.5513427969404,2376.60366074301
temp_38_ponderee,M2-B,T1,2136,2008.1232996795402,2593.4962072052936
temp_38_ponderee,M2-B,T2,2184,1223.9580288333484,1558.1924826318466
temp_38_ponderee,M2-B,T3,2208,1396.5035223868776,1838.163771363538
temp_38_ponderee,M2-B,T4,2184,1719.3071326641239,2257.057658593032
temp_38_ponderee,M2-C,T1,2136,2014.204305083155,2598.610760596878
temp_38_ponderee,M2-C,T2,2184,1225.3781533778335,1567.180789025226
temp_38_ponderee,M2-C,T3,2208,1382.2892029951047,1818.6109093611983
temp_38_ponderee,M2-C,T4,2184,1708.042633537007,2239.00721578769
temp_38_ponderee,M2-D,T1,2136,2220.6933296104457,2898.4165695238707
temp_38_ponderee,M2-D,T2,2184,1240.7711453636575,1563.6100722886943
temp_38_ponderee,M2-D,T3,2208,987.4697133554397,1297.7495666584186
temp_38_ponderee,M2-D,T4,2184,1767.825277677882,2237.005569803265
temp_38_ponderee,M2-E,T1,2136,2225.739457038224,2906.7708497997737
temp_38_ponderee,M2-E,T2,2184,1215.0042215786098,1557.1006124629941
temp_38_ponderee,M2-E,T3,2208,933.0179410203883,1244.7362010596364
temp_38_ponderee,M2-E,T4,2184,1731.4586897258578,2209.7680987106332
temp_38_ponderee,M2-F,T1,2136,2190.453596350051,2872.5848257603006
temp_38_ponderee,M2-F,T2,2184,1211.202909620174,1555.5821060817323
temp_38_ponderee,M2-F,T3,2208,927.4952975325778,1243.3968126210739
temp_38_ponderee,M2-F,T4,2184,1706.4152542712288,2181.2596788955616
