methode,critere,groupe,nb_jours,MAE_MW,biais_MW
B0 : veille effective,saison,automne,180,3007.3548032407402,-298.8659143518519
B0 : veille effective,saison,hiver,181,3702.5820672191526,-203.59795119705345
B0 : veille effective,saison,printemps,178,3351.890098314607,202.63330992509367
B0 : veille effective,saison,été,184,2765.9335371376815,31.578238224637676
B0 : veille effective,type_jour,Noël,13,3251.8012820512818,-2264.4679487179487
B0 : veille effective,type_jour,férié,21,3876.1130952380954,3184.8511904761904
B0 : veille effective,type_jour,ouvré,486,2805.517854080932,-1763.8175797325102
B0 : veille effective,type_jour,pont,7,2628.145833333333,-474.8898809523809
B0 : veille effective,type_jour,week-end,196,4140.351721938776,3950.6521045918366
B0 : veille effective,classe_temperature,10-15 °C,209,3163.6901415470493,445.7087818979266
B0 : veille effective,classe_temperature,15-20 °C,167,2929.8751247504993,199.45596307385227
B0 : veille effective,classe_temperature,5-10 °C,164,3620.3570884146343,-287.53899898373993
B0 : veille effective,classe_temperature,< 5 °C,72,3839.9079861111113,-1513.8697916666667
B0 : veille effective,classe_temperature,> 20 °C,111,2669.79373123123,-171.84891141141145
B0 : veille effective,mois,2024-01,31,3606.648521505376,-404.3931451612903
B0 : veille effective,mois,2024-02,29,3476.7607758620684,14.368534482758559
B0 : veille effective,mois,2024-03,30,3194.3875,478.01666666666665
B0 : veille effective,mois,2024-04,28,4089.221726190476,-215.22172619047612
B0 : veille effective,mois,2024-05,31,3226.4899193548385,120.06518817204292
B0 : veille effective,mois,2024-06,30,2863.295138888889,325.7729166666666
B0 : veille effective,mois,2024-07,31,3104.57123655914,-435.9784946236558
B0 : veille effective,mois,2024-08,31,2421.545698924732,245.75806451612897
B0 : veille effective,mois,2024-09,30,2665.436805555556,-127.50902777777789
B0 : veille effective,mois,2024-10,30,2477.532638888889,-298.57152777777793
B0 : veille effective,mois,2024-11,30,3792.2138888888894,-436.87638888888887
B0 : veille effective,mois,2024-12,31,4071.0383064516122,-395.6592741935484
B0 : veille effective,mois,2025-01,31,4114.405913978494,17.79973118279565
B0 : veille effective,mois,2025-02,28,3466.9166666666665,253.02529761904748
B0 : veille effective,mois,2025-03,29,3394.9655172413786,541.8060344827586
B0 : veille effective,mois,2025-04,29,3242.8943965517237,101.72772988505749
B0 : veille effective,mois,2025-05,31,3025.402553763441,173.22379032258075
B0 : veille effective,mois,2025-06,30,3117.1138888888886,-402.1930555555555
B0 : veille effective,mois,2025-07,31,2766.0678763440856,195.3850806451613
B0 : veille effective,mois,2025-08,31,2337.476478494623,256.22244623655916
B0 : veille effective,mois,2025-09,30,2806.4826388888887,-363.7590277777778
B0 : veille effective,mois,2025-10,30,2403.4940972222225,-298.53298611111103
B0 : veille effective,mois,2025-11,30,3898.9687499999995,-267.94652777777793
B0 : veille effective,mois,2025-12,31,3442.3467741935483,-648.4771505376343
B0 : veille effective,heure,0,723,1485.1639004149379,-47.38796680497925
B0 : veille effective,heure,1,723,1431.8623789764868,-44.19294605809129
B0 : veille effective,heure,2,723,1458.9069847856156,-40.945712309820195
B0 : veille effective,heure,3,723,1506.4038727524205,-47.20746887966805
B0 : veille effective,heure,4,723,1592.9730290456432,-43.928769017980635
B0 : veille effective,heure,5,723,1868.1929460580914,-41.41562932226832
B0 : veille effective,heure,6,723,2618.089211618257,-40.54011065006916
B0 : veille effective,heure,7,723,3745.6777316735825,-40.304287690179805
B0 : veille effective,heure,8,723,4375.908022130014,-45.24550484094053
B0 : veille effective,heure,9,723,4141.262102351314,-45.41562932226832
B0 : veille effective,heure,10,723,3560.8921161825724,-43.128630705394194
B0 : veille effective,heure,11,723,3088.2517289073307,-35.51728907330567
B0 : veille effective,heure,12,723,2735.5414937759338,-31.971645919778698
B0 : veille effective,heure,13,723,3996.5435684647305,-109.13692946058092
B0 : veille effective,heure,14,723,4498.127939142462,-112.88450899031812
B0 : veille effective,heure,15,723,4636.323651452282,-110.9253112033195
B0 : veille effective,heure,16,723,4620.325034578146,-109.62102351313969
B0 : veille effective,heure,17,723,4474.251037344398,-106.9896265560166
B0 : veille effective,heure,18,723,4309.950899031812,-102.42946058091286
B0 : veille effective,heure,19,723,4313.32918395574,-105.67911479944675
B0 : veille effective,heure,20,723,3801.082295988935,-96.80013831258644
B0 : veille effective,heure,21,723,3194.8056708160443,-76.11825726141079
B0 : veille effective,heure,22,723,2842.2773167358228,-71.20954356846472
B0 : veille effective,heure,23,723,2618.6936376210233,-69.8582295988935
B1 : semaine précédente,saison,automne,180,2525.8890625,-1299.666261574074
B1 : semaine précédente,saison,hiver,181,5620.486418047883,-411.46639042357276
B1 : semaine précédente,saison,printemps,178,3751.649110486892,1156.5793539325844
B1 : semaine précédente,saison,été,184,1483.250339673913,-44.75758605072462
B1 : semaine précédente,type_jour,Noël,13,6607.717948717949,-4719.471153846154
B1 : semaine précédente,type_jour,férié,21,4909.199404761905,2894.4751984126983
B1 : semaine précédente,type_jour,ouvré,486,3203.1698388203013,-242.034293552812
B1 : semaine précédente,type_jour,pont,7,4964.666666666666,1537.4702380952385
B1 : semaine précédente,type_jour,week-end,196,3225.4742240646265,-17.061702806122447
B1 : semaine précédente,classe_temperature,10-15 °C,209,2973.929675039872,1217.7534389952152
B1 : semaine précédente,classe_temperature,15-20 °C,167,1667.743263473054,773.3822355289421
B1 : semaine précédente,classe_temperature,5-10 °C,164,4702.0193089430895,274.0078760162601
B1 : semaine précédente,classe_temperature,< 5 °C,72,7990.731770833333,-6909.619502314814
B1 : semaine précédente,classe_temperature,> 20 °C,111,1496.8594219219224,-377.38382132132136
B1 : semaine précédente,mois,2024-01,31,8954.522177419354,-1314.3797043010761
B1 : semaine précédente,mois,2024-02,29,3094.481321839081,-280.61494252873564
B1 : semaine précédente,mois,2024-03,30,4086.556944444444,1543.4680555555553
B1 : semaine précédente,mois,2024-04,28,3869.7552083333335,307.015625
B1 : semaine précédente,mois,2024-05,31,3071.948924731183,1567.645161290323
B1 : semaine précédente,mois,2024-06,30,697.8930555555556,-32.23333333333333
B1 : semaine précédente,mois,2024-07,31,746.7567204301077,-229.4516129032258
B1 : semaine précédente,mois,2024-08,31,2067.7741935483873,240.9072580645161
B1 : semaine précédente,mois,2024-09,30,1274.5395833333334,-300.7076388888889
B1 : semaine précédente,mois,2024-10,30,1080.8527777777776,-431.2694444444444
B1 : semaine précédente,mois,2024-11,30,4752.109722222222,-2400.1055555555567
B1 : semaine précédente,mois,2024-12,31,4928.300403225807,-1030.8823924731182
B1 : semaine précédente,mois,2025-01,31,6747.458333333333,-190.7365591397851
B1 : semaine précédente,mois,2025-02,28,4973.665178571428,1183.3571428571431
B1 : semaine précédente,mois,2025-03,29,6889.390086206897,1360.3714080459768
B1 : semaine précédente,mois,2025-04,29,2558.712643678161,1380.272988505747
B1 : semaine précédente,mois,2025-05,31,2181.2352150537636,738.5470430107526
B1 : semaine précédente,mois,2025-06,30,1633.8444444444447,-1157.161111111111
B1 : semaine précédente,mois,2025-07,31,2119.4274193548385,967.885752688172
B1 : semaine précédente,mois,2025-08,31,1613.3299731182797,-93.97244623655914
B1 : semaine précédente,mois,2025-09,30,1060.3437499999998,-679.3631944444444
B1 : semaine précédente,mois,2025-10,30,1318.7993055555555,-859.40625
B1 : semaine précédente,mois,2025-11,30,5668.689236111111,-3127.1454861111106
B1 : semaine précédente,mois,2025-12,31,4798.927419354839,-672.7620967741932
B1 : semaine précédente,heure,0,723,3004.9038727524203,-141.09474412171508
B1 : semaine précédente,heure,1,723,3043.280082987552,-147.86514522821577
B1 : semaine précédente,heure,2,723,3099.6317427385893,-142.66839557399723
B1 : semaine précédente,heure,3,723,3136.6383125864454,-150.81673582295988
B1 : semaine précédente,heure,4,723,3160.008990318119,-151.4100968188105
B1 : semaine précédente,heure,5,723,3242.1611341632088,-152.54011065006915
B1 : semaine précédente,heure,6,723,3420.2544951590594,-153.6293222683264
B1 : semaine précédente,heure,7,723,3752.3091286307053,-155.7005532503458
B1 : semaine précédente,heure,8,723,3932.428769017981,-162.46196403872753
B1 : semaine précédente,heure,9,723,3849.7538035961275,-163.80082987551867
B1 : semaine précédente,heure,10,723,3652.1265560165975,-163.2344398340249
B1 : semaine précédente,heure,11,723,3499.381051175657,-159.28699861687414
B1 : semaine précédente,heure,12,723,3367.858921161826,-157.6542185338866
B1 : semaine précédente,heure,13,723,3258.7033195020745,-167.94951590594744
B1 : semaine précédente,heure,14,723,3254.0788381742736,-154.80774550484094
B1 : semaine précédente,heure,15,723,3239.844398340249,-142.61894882434302
B1 : semaine précédente,heure,16,723,3249.2302904564317,-143.5276625172891
B1 : semaine précédente,heure,17,723,3289.8713692946058,-143.22268326417705
B1 : semaine précédente,heure,18,723,3390.1542185338867,-145.71023513139696
B1 : semaine précédente,heure,19,723,3453.363070539419,-165.95228215767634
B1 : semaine précédente,heure,20,723,3379.412171507607,-170.38589211618256
B1 : semaine précédente,heure,21,723,3232.5802213001384,-152.75726141078837
B1 : semaine précédente,heure,22,723,3118.2033195020745,-146.6542185338866
B1 : semaine précédente,heure,23,723,3062.7738589211617,-141.58160442600277
B2 : moyenne de 4 semaines,saison,automne,180,3260.5276041666666,-3078.741753472222
B2 : moyenne de 4 semaines,saison,hiver,181,5887.055968001841,-649.2196420349909
B2 : moyenne de 4 semaines,saison,printemps,178,3931.37576076779,3090.2494928214733
B2 : moyenne de 4 semaines,saison,été,184,1553.6572973278985,105.5281646286232
B2 : moyenne de 4 semaines,type_jour,Noël,13,5653.961137820514,-3791.826522435898
B2 : moyenne de 4 semaines,type_jour,férié,21,5680.527777777778,5157.580357142858
B2 : moyenne de 4 semaines,type_jour,ouvré,486,3549.3241383744858,-342.6175840192043
B2 : moyenne de 4 semaines,type_jour,pont,7,4783.156994047619,3106.229910714286
B2 : moyenne de 4 semaines,type_jour,week-end,196,3504.4067283163267,-83.91625035430837
B2 : moyenne de 4 semaines,classe_temperature,10-15 °C,209,3611.4593301435407,1565.9639071637425
B2 : moyenne de 4 semaines,classe_temperature,15-20 °C,167,1824.802083333333,1004.6070983033932
B2 : moyenne de 4 semaines,classe_temperature,5-10 °C,164,4645.961683816056,103.2841876270325
B2 : moyenne de 4 semaines,classe_temperature,< 5 °C,72,8581.0517578125,-7956.102394386573
B2 : moyenne de 4 semaines,classe_temperature,> 20 °C,111,1790.9868149399397,-372.57437124624624
B2 : moyenne de 4 semaines,mois,2024-01,31,9212.8125,-4347.912970430107
B2 : moyenne de 4 semaines,mois,2024-02,29,5927.3417744252865,4599.704561781609
B2 : moyenne de 4 semaines,mois,2024-03,30,4027.036111111112,3009.392361111111
B2 : moyenne de 4 semaines,mois,2024-04,28,3478.007440476191,1155.985119047619
B2 : moyenne de 4 semaines,mois,2024-05,31,3934.615591397849,3707.959005376344
B2 : moyenne de 4 semaines,mois,2024-06,30,718.6996527777776,-80.37256944444441
B2 : moyenne de 4 semaines,mois,2024-07,31,725.372311827957,-570.222446236559
B2 : moyenne de 4 semaines,mois,2024-08,31,1940.583501344086,1145.317036290323
B2 : moyenne de 4 semaines,mois,2024-09,30,1316.4319444444445,-1045.6527777777778
B2 : moyenne de 4 semaines,mois,2024-10,30,1492.7711805555552,-1372.646527777778
B2 : moyenne de 4 semaines,mois,2024-11,30,6536.842881944443,-6242.364409722222
B2 : moyenne de 4 semaines,mois,2024-12,31,5017.257224462366,-3037.876176075269
B2 : moyenne de 4 semaines,mois,2025-01,31,5878.429603494623,-2614.242103494624
B2 : moyenne de 4 semaines,mois,2025-02,28,4140.63244047619,3367.459821428571
B2 : moyenne de 4 semaines,mois,2025-03,29,5423.177083333334,4152.309267241379
B2 : moyenne de 4 semaines,mois,2025-04,29,4581.767780172414,4526.872425766283
B2 : moyenne de 4 semaines,mois,2025-05,31,2241.0680443548385,1960.388944892473
B2 : moyenne de 4 semaines,mois,2025-06,30,2231.1164930555556,-1631.7241319444445
B2 : moyenne de 4 semaines,mois,2025-07,31,2144.0342741935483,993.4959677419356
B2 : moyenne de 4 semaines,mois,2025-08,31,1557.0569556451615,714.637936827957
B2 : moyenne de 4 semaines,mois,2025-09,30,1355.2249999999997,-1187.4333333333334
B2 : moyenne de 4 semaines,mois,2025-10,30,2046.335590277778,-2013.6987847222224
B2 : moyenne de 4 semaines,mois,2025-11,30,6815.559027777778,-6610.654687499999
B2 : moyenne de 4 semaines,mois,2025-12,31,4979.452620967743,-1135.0997983870968
B2 : moyenne de 4 semaines,heure,0,723,3289.3044605809127,-128.32036652835407
B2 : moyenne de 4 semaines,heure,1,723,3331.5167704011064,-137.99706085753803
B2 : moyenne de 4 semaines,heure,2,723,3386.2275242047026,-131.7403757491932
B2 : moyenne de 4 semaines,heure,3,723,3418.926694329184,-121.78319502074689
B2 : moyenne de 4 semaines,heure,4,723,3412.9346473029045,-125.32365145228216
B2 : moyenne de 4 semaines,heure,5,723,3481.9014522821576,-125.72856154910097
B2 : moyenne de 4 semaines,heure,6,723,3699.1362378976487,-120.88035961272476
B2 : moyenne de 4 semaines,heure,7,723,4112.33143153527,-115.44208160442601
B2 : moyenne de 4 semaines,heure,8,723,4305.675656984786,-128.83852005532503
B2 : moyenne de 4 semaines,heure,9,723,4181.909923928078,-143.23253803596128
B2 : moyenne de 4 semaines,heure,10,723,3989.0430497925313,-149.1844744121715
B2 : moyenne de 4 semaines,heure,11,723,3823.1751383125866,-148.8158713692946
B2 : moyenne de 4 semaines,heure,12,723,3675.005186721992,-157.77213001383126
B2 : moyenne de 4 semaines,heure,13,723,3521.576244813278,-190.80895573997233
B2 : moyenne de 4 semaines,heure,14,723,3497.3035961272476,-163.75622406639005
B2 : moyenne de 4 semaines,heure,15,723,3486.5650069156295,-140.11203319502076
B2 : moyenne de 4 semaines,heure,16,723,3512.4382780082988,-138.4960235131397
B2 : moyenne de 4 semaines,heure,17,723,3632.115491009682,-129.91528354080222
B2 : moyenne de 4 semaines,heure,18,723,3856.6426348547716,-131.93482019363762
B2 : moyenne de 4 semaines,heure,19,723,3923.1817081604427,-159.8290110650069
B2 : moyenne de 4 semaines,heure,20,723,3775.90214384509,-171.76071922544952
B2 : moyenne de 4 semaines,heure,21,723,3545.4773513139694,-150.17617565698478
B2 : moyenne de 4 semaines,heure,22,723,3382.7864799446747,-144.33765560165975
B2 : moyenne de 4 semaines,heure,23,723,3331.036652835408,-136.36756569847856
M1 : calendrier + retards,saison,automne,180,1326.3931163439172,347.57705245541416
M1 : calendrier + retards,saison,hiver,181,2555.7554751339962,508.91895547847383
M1 : calendrier + retards,saison,printemps,178,1511.9283615890972,427.73925062156695
M1 : calendrier + retards,saison,été,184,950.9446464238055,88.07625453392102
M1 : calendrier + retards,type_jour,Noël,13,3151.3714003354853,-1731.0193329193369
M1 : calendrier + retards,type_jour,férié,21,1919.035160036172,292.31177880802414
M1 : calendrier + retards,type_jour,ouvré,486,1614.8021345627333,613.794972875939
M1 : calendrier + retards,type_jour,pont,7,1320.3814278041052,-257.2353046146854
M1 : calendrier + retards,type_jour,week-end,196,1378.2423024936727,-168.96524430592845
M1 : calendrier + retards,classe_temperature,10-15 °C,209,1527.5346063181432,944.219801843988
M1 : calendrier + retards,classe_temperature,15-20 °C,167,1031.853145921835,662.8359998713344
M1 : calendrier + retards,classe_temperature,5-10 °C,164,2060.031430222048,676.5145127188212
M1 : calendrier + retards,classe_temperature,< 5 °C,72,2810.0995575058946,-2052.452362785385
M1 : calendrier + retards,classe_temperature,> 20 °C,111,1024.261571709182,-217.88777207915803
M1 : calendrier + retards,mois,2024-01,31,3421.740189877654,766.1236598819709
M1 : calendrier + retards,mois,2024-02,29,1944.8336681611138,1412.1308310145753
M1 : calendrier + retards,mois,2024-03,30,1822.622433736804,437.4741561540113
M1 : calendrier + retards,mois,2024-04,28,1636.990034926051,559.34064023087
M1 : calendrier + retards,mois,2024-05,31,1049.8048336532731,116.58947751998707
M1 : calendrier + retards,mois,2024-06,30,674.1347613105729,379.9671304305347
M1 : calendrier + retards,mois,2024-07,31,867.6045460118102,80.59946027017978
M1 : calendrier + retards,mois,2024-08,31,1170.611186027224,70.09947203439339
M1 : calendrier + retards,mois,2024-09,30,726.8762112762237,180.38896678777408
M1 : calendrier + retards,mois,2024-10,30,957.7315144257068,552.0130039649695
M1 : calendrier + retards,mois,2024-11,30,2084.394866609232,616.9568997763995
M1 : calendrier + retards,mois,2024-12,31,2633.2238510985017,-43.41345002462848
M1 : calendrier + retards,mois,2025-01,31,3130.373987561978,533.11125989782
M1 : calendrier + retards,mois,2025-02,28,1745.1577533066863,323.5820283452066
M1 : calendrier + retards,mois,2025-03,29,2093.6763548756985,426.75973676801544
M1 : calendrier + retards,mois,2025-04,29,1500.3290634428065,834.3605018158894
M1 : calendrier + retards,mois,2025-05,31,1027.0563676883105,231.13107346778617
M1 : calendrier + retards,mois,2025-06,30,864.4245116728756,-358.32547773891866
M1 : calendrier + retards,mois,2025-07,31,1027.5662374022147,336.77463758789804
M1 : calendrier + retards,mois,2025-08,31,1089.6063128967103,14.358083446012163
M1 : calendrier + retards,mois,2025-09,30,777.8384445598851,155.68568284911402
M1 : calendrier + retards,mois,2025-10,30,884.6914265086705,223.1096392386326
M1 : calendrier + retards,mois,2025-11,30,2526.8262346837855,357.30812211559555
M1 : calendrier + retards,mois,2025-12,31,2341.3441498487637,102.31530600339575
M1 : calendrier + retards,heure,0,723,1060.2109828180344,192.57184866750814
M1 : calendrier + retards,heure,1,723,1055.1488667049787,181.98452185938646
M1 : calendrier + retards,heure,2,723,1088.7411116079923,212.78685856019186
M1 : calendrier + retards,heure,3,723,1103.6736001341174,183.9531430250981
M1 : calendrier + retards,heure,4,723,1126.474166179939,197.30418850894543
M1 : calendrier + retards,heure,5,723,1194.6510453992569,234.0935658225412
M1 : calendrier + retards,heure,6,723,1359.3793824222653,285.7058561145675
M1 : calendrier + retards,heure,7,723,1609.1566453779192,374.9005253644152
M1 : calendrier + retards,heure,8,723,1650.5338282845335,371.1244677332637
M1 : calendrier + retards,heure,9,723,1506.109647384554,316.7566500290685
M1 : calendrier + retards,heure,10,723,1357.6572571907463,262.0887820892518
M1 : calendrier + retards,heure,11,723,1306.5837764011408,239.1928896176974
M1 : calendrier + retards,heure,12,723,1281.3067604235478,219.4126515390677
M1 : calendrier + retards,heure,13,723,2012.9156360408465,389.53614053893875
M1 : calendrier + retards,heure,14,723,2064.6116886075642,465.6243405894273
M1 : calendrier + retards,heure,15,723,2035.6913764723377,463.2606180169775
M1 : calendrier + retards,heure,16,723,2041.826555373314,489.98276339310365
M1 : calendrier + retards,heure,17,723,2048.2812281053566,514.2016981449776
M1 : calendrier + retards,heure,18,723,2052.548677522334,535.3765476032639
M1 : calendrier + retards,heure,19,723,2011.1769631918671,513.2328961246401
M1 : calendrier + retards,heure,20,723,1861.4183990273623,378.9727755937243
M1 : calendrier + retards,heure,21,723,1767.4646621943655,359.04327245618106
M1 : calendrier + retards,heure,22,723,1708.9549747741823,349.09970173469526
M1 : calendrier + retards,heure,23,723,1718.3729010086756,469.68766462273385
M2 : M1 + température,saison,automne,180,1147.8687459287712,494.0858325122385
M2 : M1 + température,saison,hiver,181,2017.116451057643,922.812772379928
M2 : M1 + température,saison,printemps,178,1220.7654521742338,501.39222750629267
M2 : M1 + température,saison,été,184,940.4798180075659,158.82584468430295
M2 : M1 + température,type_jour,Noël,13,2531.1334923074123,120.2968079048534
M2 : M1 + température,type_jour,férié,21,2031.2275784690817,639.3278708003546
M2 : M1 + température,type_jour,ouvré,486,1326.8593235909607,687.776239353317
M2 : M1 + température,type_jour,pont,7,980.1417257900068,230.25015948545797
M2 : M1 + température,type_jour,week-end,196,1197.8767908950708,120.28360377204523
M2 : M1 + température,classe_temperature,10-15 °C,209,1271.2097148226349,699.1755797686969
M2 : M1 + température,classe_temperature,15-20 °C,167,938.1673910423365,644.6034288251966
M2 : M1 + température,classe_temperature,5-10 °C,164,1847.8713373894223,963.7672097654364
M2 : M1 + température,classe_temperature,< 5 °C,72,1807.631393276066,-261.01434659431703
M2 : M1 + température,classe_temperature,> 20 °C,111,959.476077110586,-167.61193388472503
M2 : M1 + température,mois,2024-01,31,2475.9491186952296,1124.923167920737
M2 : M1 + température,mois,2024-02,29,1954.005264408521,1689.97893444812
M2 : M1 + température,mois,2024-03,30,1455.1087527405507,606.7961067919725
M2 : M1 + température,mois,2024-04,28,1343.4240864137366,882.9436647690388
M2 : M1 + température,mois,2024-05,31,827.6454015826608,309.96532548181204
M2 : M1 + température,mois,2024-06,30,778.0287990373555,635.3311462846822
M2 : M1 + température,mois,2024-07,31,865.899743462717,241.69099860991307
M2 : M1 + température,mois,2024-08,31,1170.8699284645832,-9.111636639886408
M2 : M1 + température,mois,2024-09,30,782.953382772142,397.52286032314953
M2 : M1 + température,mois,2024-10,30,920.8765842286087,490.2155943731561
M2 : M1 + température,mois,2024-11,30,1611.9599802732803,1021.0744619558063
M2 : M1 + température,mois,2024-12,31,2142.161704208881,655.261512625708
M2 : M1 + température,mois,2025-01,31,2472.0537896655333,1076.2473940278146
M2 : M1 + température,mois,2025-02,28,1418.5102919889318,967.5150884366298
M2 : M1 + température,mois,2025-03,29,1233.6676328830422,-41.84066935964968
M2 : M1 + température,mois,2025-04,29,1375.292515351837,691.6412251205841
M2 : M1 + température,mois,2025-05,31,1119.6858624947886,576.3990152201475
M2 : M1 + température,mois,2025-06,30,809.1639379209806,-241.8535584705709
M2 : M1 + température,mois,2025-07,31,975.8430626029242,328.62141943172674
M2 : M1 + température,mois,2025-08,31,1033.597084974357,0.7226956140016337
M2 : M1 + température,mois,2025-09,30,736.2294067194439,484.55788301796736
M2 : M1 + température,mois,2025-10,30,992.3743743776645,47.05206680801401
M2 : M1 + température,mois,2025-11,30,1842.8187472014883,524.092128595337
M2 : M1 + température,mois,2025-12,31,1578.0172196205551,76.77115850786349
M2 : M1 + température,heure,0,723,834.7149929185955,291.91564211497496
M2 : M1 + température,heure,1,723,839.0607965601067,303.5072090966779
M2 : M1 + température,heure,2,723,885.6171338782673,365.6436708752629
M2 : M1 + température,heure,3,723,893.9120635715923,326.75434196239206
M2 : M1 + température,heure,4,723,927.2351365144906,318.73071670858803
M2 : M1 + température,heure,5,723,1000.8993707817891,345.2363167260148
M2 : M1 + température,heure,6,723,1172.310449110113,449.2276895603919
M2 : M1 + température,heure,7,723,1465.9677880212412,680.4688691378269
M2 : M1 + température,heure,8,723,1510.091826436144,671.1099871438918
M2 : M1 + température,heure,9,723,1389.7531048782878,556.107858317971
M2 : M1 + température,heure,10,723,1259.2903194670432,454.6911508612057
M2 : M1 + température,heure,11,723,1222.747280155516,414.2511076544029
M2 : M1 + température,heure,12,723,1207.2161019725195,367.51926562501995
M2 : M1 + température,heure,13,723,1487.7599620150838,539.6254238708212
M2 : M1 + température,heure,14,723,1587.1415455987487,677.4944470373184
M2 : M1 + température,heure,15,723,1586.748406186991,668.6315797824572
M2 : M1 + température,heure,16,723,1649.353990950074,714.5589036838078
M2 : M1 + température,heure,17,723,1698.4780084275503,764.1087576360286
M2 : M1 + température,heure,18,723,1737.618996301549,787.7241447308182
M2 : M1 + température,heure,19,723,1688.0337279697521,733.9899359477624
M2 : M1 + température,heure,20,723,1542.1817918708005,531.1371231568141
M2 : M1 + température,heure,21,723,1462.3738536273972,493.66874798592306
M2 : M1 + température,heure,22,723,1421.807792471051,455.1875441027274
M2 : M1 + température,heure,23,723,1465.2536568802052,518.1314275589656
M3 : gradient boosting,saison,automne,180,1083.7462830213688,397.1417053140545
M3 : gradient boosting,saison,hiver,181,2265.3894265954386,1251.6885443422918
M3 : gradient boosting,saison,printemps,178,1326.4908762461423,596.5116580525042
M3 : gradient boosting,saison,été,184,729.8600987785783,93.71179398425713
M3 : gradient boosting,type_jour,Noël,13,2572.97092616195,420.1752675482716
M3 : gradient boosting,type_jour,férié,21,1706.019130661767,835.8966381679709
M3 : gradient boosting,type_jour,ouvré,486,1335.5236367689836,634.3774041433154
M3 : gradient boosting,type_jour,pont,7,1542.1653525685758,1179.2331887806017
M3 : gradient boosting,type_jour,week-end,196,1257.0652172601228,417.7807147661392
M3 : gradient boosting,classe_temperature,10-15 °C,209,1309.7774005431006,827.0959134201471
M3 : gradient boosting,classe_temperature,15-20 °C,167,800.1479513707944,540.3978111343617
M3 : gradient boosting,classe_temperature,5-10 °C,164,2035.5728054808044,958.1128974541189
M3 : gradient boosting,classe_temperature,< 5 °C,72,2050.3539749344945,244.16547453456627
M3 : gradient boosting,classe_temperature,> 20 °C,111,781.0075713344727,-147.3579369754928
M3 : gradient boosting,mois,2024-01,31,2521.6193103426554,773.1531429486321
M3 : gradient boosting,mois,2024-02,29,2137.6979626024845,1721.3306019603745
M3 : gradient boosting,mois,2024-03,30,1566.7114326645205,465.7669549042335
M3 : gradient boosting,mois,2024-04,28,1669.359774026157,815.0568202913404
M3 : gradient boosting,mois,2024-05,31,972.396273391979,498.47480459963845
M3 : gradient boosting,mois,2024-06,30,519.3372555396556,299.2884050335063
M3 : gradient boosting,mois,2024-07,31,547.4665573229698,-3.7956872333526315
M3 : gradient boosting,mois,2024-08,31,897.6108786606746,235.20006042590018
M3 : gradient boosting,mois,2024-09,30,709.5180468722858,288.2457611469174
M3 : gradient boosting,mois,2024-10,30,962.9509795588122,530.3759752788909
M3 : gradient boosting,mois,2024-11,30,1463.3592993761151,693.6077668346278
M3 : gradient boosting,mois,2024-12,31,2545.082379289547,1586.3930353914218
M3 : gradient boosting,mois,2025-01,31,2490.056126800438,1484.6683880181818
M3 : gradient boosting,mois,2025-02,28,1968.2953502657303,1626.4510100538484
M3 : gradient boosting,mois,2025-03,29,1599.1167907964511,474.8524625130695
M3 : gradient boosting,mois,2025-04,29,1446.5068654043107,1051.319588630849
M3 : gradient boosting,mois,2025-05,31,771.1157681990925,312.0247449128641
M3 : gradient boosting,mois,2025-06,30,711.407177932453,-349.53221686205086
M3 : gradient boosting,mois,2025-07,31,947.2263059708636,364.5726129191263
M3 : gradient boosting,mois,2025-08,31,748.7261022743675,8.870899306379288
M3 : gradient boosting,mois,2025-09,30,606.4532168718974,195.12178521048537
M3 : gradient boosting,mois,2025-10,30,1041.984242244078,475.5363596405739
M3 : gradient boosting,mois,2025-11,30,1718.211913205025,199.9625837728312
M3 : gradient boosting,mois,2025-12,31,1892.596231659681,384.70191066099756
M3 : gradient boosting,heure,0,723,841.0010360263526,307.35273195877426
M3 : gradient boosting,heure,1,723,847.88285596443,285.8854040298145
M3 : gradient boosting,heure,2,723,881.7813455360555,342.9303686231703
M3 : gradient boosting,heure,3,723,904.8162459693589,287.668724803556
M3 : gradient boosting,heure,4,723,929.4975192434474,320.9176156249081
M3 : gradient boosting,heure,5,723,1031.0036473493801,462.74563352567935
M3 : gradient boosting,heure,6,723,1224.5821373144347,655.7520275330079
M3 : gradient boosting,heure,7,723,1528.9496510255335,905.8469816803188
M3 : gradient boosting,heure,8,723,1520.3162774265006,841.3992299675193
M3 : gradient boosting,heure,9,723,1484.5965968985092,726.9627492764789
M3 : gradient boosting,heure,10,723,1324.215069426571,643.1812444329316
M3 : gradient boosting,heure,11,723,1286.83081494205,598.7429530786461
M3 : gradient boosting,heure,12,723,1276.3096287223123,497.05457751383597
M3 : gradient boosting,heure,13,723,1447.7831497932414,564.8078441596801
M3 : gradient boosting,heure,14,723,1518.339803053887,631.8696469837532
M3 : gradient boosting,heure,15,723,1528.5751248430613,591.5106479525501
M3 : gradient boosting,heure,16,723,1555.4053355957362,655.6965432664248
M3 : gradient boosting,heure,17,723,1663.053160685779,729.5460169601129
M3 : gradient boosting,heure,18,723,1736.4082849299243,767.5567506621863
M3 : gradient boosting,heure,19,723,1717.9141654275309,801.9885433145691
M3 : gradient boosting,heure,20,723,1618.5761043364969,647.5860746523708
M3 : gradient boosting,heure,21,723,1539.9505967842176,607.352821834089
M3 : gradient boosting,heure,22,723,1465.2163056512288,522.9086375995714
M3 : gradient boosting,heure,23,723,1509.383568105997,593.2151918584561
M4 : M1 + ARMA,saison,automne,180,1345.7243325961801,277.7401382373566
M4 : M1 + ARMA,saison,hiver,181,2558.066284966946,404.2575382779056
M4 : M1 + ARMA,saison,printemps,178,1490.113191545952,330.6141382426367
M4 : M1 + ARMA,saison,été,184,978.8885449105956,77.50098514001357
M4 : M1 + ARMA,type_jour,Noël,13,3300.9987844259476,-1380.5092724908232
M4 : M1 + ARMA,type_jour,férié,21,1870.5158491778977,96.62060864482949
M4 : M1 + ARMA,type_jour,ouvré,486,1610.277529863332,524.8854598862098
M4 : M1 + ARMA,type_jour,pont,7,1301.0062203647994,-205.93300146942207
M4 : M1 + ARMA,type_jour,week-end,196,1411.736110809453,-211.5401915795702
M4 : M1 + ARMA,classe_temperature,10-15 °C,209,1457.6058901197223,758.6869120551353
M4 : M1 + ARMA,classe_temperature,15-20 °C,167,1011.4279663484323,563.7515570387807
M4 : M1 + ARMA,classe_temperature,5-10 °C,164,2167.35180597533,541.7207689499581
M4 : M1 + ARMA,classe_temperature,< 5 °C,72,2809.3150588714398,-1736.823961637193
M4 : M1 + ARMA,classe_temperature,> 20 °C,111,1075.0588826229798,-182.24881379223345
M4 : M1 + ARMA,mois,2024-01,31,3390.926969335099,646.2501386474486
M4 : M1 + ARMA,mois,2024-02,29,1870.4170833720302,1110.096181616328
M4 : M1 + ARMA,mois,2024-03,30,1830.0119673027402,335.351400027941
M4 : M1 + ARMA,mois,2024-04,28,1580.260726157881,471.41357254700864
M4 : M1 + ARMA,mois,2024-05,31,1089.1731491520472,72.7402552807978
M4 : M1 + ARMA,mois,2024-06,30,674.6865302693963,301.22699659341544
M4 : M1 + ARMA,mois,2024-07,31,923.2164299283664,54.619201682696215
M4 : M1 + ARMA,mois,2024-08,31,1249.1972459112908,64.85356116687673
M4 : M1 + ARMA,mois,2024-09,30,732.6644044272244,131.95117883598695
M4 : M1 + ARMA,mois,2024-10,30,984.5501483440663,448.8160884203987
M4 : M1 + ARMA,mois,2024-11,30,2131.343574828958,475.48277124056403
M4 : M1 + ARMA,mois,2024-12,31,2749.5027710409104,-4.394567011238099
M4 : M1 + ARMA,mois,2025-01,31,3177.0425964103456,403.8182844738025
M4 : M1 + ARMA,mois,2025-02,28,1700.780652672643,271.3301676938333
M4 : M1 + ARMA,mois,2025-03,29,1923.4343613629194,310.6440849921192
M4 : M1 + ARMA,mois,2025-04,29,1536.5329133317762,694.7494120769065
M4 : M1 + ARMA,mois,2025-05,31,1031.9054888328046,134.7688789138192
M4 : M1 + ARMA,mois,2025-06,30,893.560118415893,-272.52293710968894
M4 : M1 + ARMA,mois,2025-07,31,1005.1069730087924,299.1352813706534
M4 : M1 + ARMA,mois,2025-08,31,1114.9984738286778,13.619680981409077
M4 : M1 + ARMA,mois,2025-09,30,839.6685360903812,145.91080913502392
M4 : M1 + ARMA,mois,2025-10,30,917.1337338719362,147.50036860134713
M4 : M1 + ARMA,mois,2025-11,30,2468.9855980145153,316.7796131908187
M4 : M1 + ARMA,mois,2025-12,31,2332.400046645721,31.11906214805363
M4 : M1 + ARMA,heure,0,723,1059.0602349580631,176.17862169919977
M4 : M1 + ARMA,heure,1,723,1053.3476649488864,168.37527912448556
M4 : M1 + ARMA,heure,2,723,1085.7367837068111,198.85546792788168
M4 : M1 + ARMA,heure,3,723,1100.8306056001775,172.50855561786162
M4 : M1 + ARMA,heure,4,723,1125.1032986907787,187.38721450176186
M4 : M1 + ARMA,heure,5,723,1194.359922375929,225.91799168731973
M4 : M1 + ARMA,heure,6,723,1358.0113367838119,278.1670104847879
M4 : M1 + ARMA,heure,7,723,1601.0975672148147,363.6179338299185
M4 : M1 + ARMA,heure,8,723,1643.4609332829707,362.6661185249651
M4 : M1 + ARMA,heure,9,723,1503.3213007689767,312.6776560218984
M4 : M1 + ARMA,heure,10,723,1355.762297800732,258.1411148492579
M4 : M1 + ARMA,heure,11,723,1304.7962949971034,235.94583720993907
M4 : M1 + ARMA,heure,12,723,1280.710625857721,217.57340435499773
M4 : M1 + ARMA,heure,13,723,2055.5641828089247,271.03570359206105
M4 : M1 + ARMA,heure,14,723,2090.2830659619917,329.56350657263226
M4 : M1 + ARMA,heure,15,723,2041.0140014500287,332.32472473915493
M4 : M1 + ARMA,heure,16,723,2047.1682859801049,351.8106857279741
M4 : M1 + ARMA,heure,17,723,2049.989291489412,365.85725642656234
M4 : M1 + ARMA,heure,18,723,2069.6984035602904,370.2563296902779
M4 : M1 + ARMA,heure,19,723,2019.0478347061223,344.90150000959665
M4 : M1 + ARMA,heure,20,723,1884.8645795853095,246.06662031142125
M4 : M1 + ARMA,heure,21,723,1793.8975456774256,226.0712123276451
M4 : M1 + ARMA,heure,22,723,1739.9672746785754,219.66786653770018
M4 : M1 + ARMA,heure,23,723,1736.9653494406418,299.7298881137518
Plafond : M2 + météo parfaite,saison,automne,180,948.6988629671115,440.0503536307906
Plafond : M2 + météo parfaite,saison,hiver,181,1366.3000773978565,840.7661554863021
Plafond : M2 + météo parfaite,saison,printemps,178,961.0779932766126,390.8834417182998
Plafond : M2 + météo parfaite,saison,été,184,900.5066085969273,183.37389296620665
Plafond : M2 + météo parfaite,type_jour,Noël,13,2287.124500893791,1093.5172391445014
Plafond : M2 + météo parfaite,type_jour,férié,21,1916.3126882251856,280.26228289695945
Plafond : M2 + météo parfaite,type_jour,ouvré,486,1037.8092292773842,650.6564807727717
Plafond : M2 + météo parfaite,type_jour,pont,7,894.2025060214771,96.90163633032303
Plafond : M2 + météo parfaite,type_jour,week-end,196,888.8842866982477,-11.697991996895775
Plafond : M2 + météo parfaite,classe_temperature,10-15 °C,209,984.3854009120605,436.2190035712482
Plafond : M2 + météo parfaite,classe_temperature,15-20 °C,167,831.1394446062905,239.58409160958806
Plafond : M2 + météo parfaite,classe_temperature,5-10 °C,164,1302.8644279502594,956.2276278464635
Plafond : M2 + météo parfaite,classe_temperature,< 5 °C,72,1323.1199047336293,572.913394836234
Plafond : M2 + météo parfaite,classe_temperature,> 20 °C,111,913.1529077804395,49.1385251169495
Plafond : M2 + météo parfaite,mois,2024-01,31,1745.0009833047905,1211.9625394069108
Plafond : M2 + météo parfaite,mois,2024-02,29,1053.2207082112204,884.7461188168758
Plafond : M2 + météo parfaite,mois,2024-03,30,934.8858861142822,569.6388784937182
Plafond : M2 + météo parfaite,mois,2024-04,28,1132.9560215977813,635.201591434893
Plafond : M2 + météo parfaite,mois,2024-05,31,773.215192491602,204.10484984212502
Plafond : M2 + météo parfaite,mois,2024-06,30,777.5535168396183,542.4772072454824
Plafond : M2 + météo parfaite,mois,2024-07,31,873.9142509256542,285.249952512119
Plafond : M2 + météo parfaite,mois,2024-08,31,1085.7235388571473,33.198217244870435
Plafond : M2 + météo parfaite,mois,2024-09,30,882.4065868167623,520.2656894502841
Plafond : M2 + météo parfaite,mois,2024-10,30,808.4941310351152,393.84426187721175
Plafond : M2 + météo parfaite,mois,2024-11,30,1063.5132759729588,790.4479228899274
Plafond : M2 + météo parfaite,mois,2024-12,31,1504.1054001998148,737.7987218870559
Plafond : M2 + météo parfaite,mois,2025-01,31,1498.7353657000015,958.4643905669143
Plafond : M2 + météo parfaite,mois,2025-02,28,1197.5236044975572,1036.8401033931914
Plafond : M2 + météo parfaite,mois,2025-03,29,933.370524418675,510.93721294895437
Plafond : M2 + météo parfaite,mois,2025-04,29,874.0180573439026,90.94990066127137
Plafond : M2 + météo parfaite,mois,2025-05,31,1126.4063798940729,352.2730668085934
Plafond : M2 + météo parfaite,mois,2025-06,30,637.4903989730417,-85.21386816545858
Plafond : M2 + météo parfaite,mois,2025-07,31,893.0816323376032,251.37609700606234
Plafond : M2 + météo parfaite,mois,2025-08,31,1122.8256910232983,76.07560850731278
Plafond : M2 + météo parfaite,mois,2025-09,30,811.4714735724868,484.0377582868745
Plafond : M2 + météo parfaite,mois,2025-10,30,784.0947056481752,176.62827761454125
Plafond : M2 + météo parfaite,mois,2025-11,30,1342.2130047571702,275.0782116659044
Plafond : M2 + météo parfaite,mois,2025-12,31,1162.682526439105,236.59737402047008
Plafond : M2 + météo parfaite,heure,0,723,671.2629796954368,223.88559727958938
Plafond : M2 + météo parfaite,heure,1,723,660.9483070357617,222.5670955551676
Plafond : M2 + météo parfaite,heure,2,723,687.5919520570815,272.55822955317456
Plafond : M2 + météo parfaite,heure,3,723,671.4501753512116,226.03637629515885
Plafond : M2 + météo parfaite,heure,4,723,678.0564600357762,222.1482327876488
Plafond : M2 + météo parfaite,heure,5,723,734.4218254757702,261.3632983369451
Plafond : M2 + météo parfaite,heure,6,723,888.0345747270791,378.10096006934225
Plafond : M2 + météo parfaite,heure,7,723,1189.9520638556949,600.9525584094357
Plafond : M2 + météo parfaite,heure,8,723,1208.4248324991204,587.8747976081623
Plafond : M2 + météo parfaite,heure,9,723,1043.8895806234364,485.14661961789164
Plafond : M2 + météo parfaite,heure,10,723,897.6888663333625,396.0444767285329
Plafond : M2 + météo parfaite,heure,11,723,897.0528805898095,369.9083019970801
Plafond : M2 + météo parfaite,heure,12,723,916.7278250547834,351.8888374797209
Plafond : M2 + météo parfaite,heure,13,723,1277.73394679152,516.6417038070906
Plafond : M2 + météo parfaite,heure,14,723,1400.592465587843,674.4947908590171
Plafond : M2 + météo parfaite,heure,15,723,1390.6013844291665,670.5468264806454
Plafond : M2 + météo parfaite,heure,16,723,1433.5418979683889,714.9968857455783
Plafond : M2 + météo parfaite,heure,17,723,1485.4455324038242,770.4762164685916
Plafond : M2 + météo parfaite,heure,18,723,1502.9496757298377,796.8945283210508
Plafond : M2 + météo parfaite,heure,19,723,1410.021830481651,730.4260469041874
Plafond : M2 + météo parfaite,heure,20,723,1153.0829219632155,467.2700093167858
Plafond : M2 + météo parfaite,heure,21,723,1007.5553939123004,398.8973741806781
Plafond : M2 + météo parfaite,heure,22,723,918.7599981795406,357.4871152610999
Plafond : M2 + météo parfaite,heure,23,723,930.8502434312935,413.9586554835603
