longueur_points,duree_heures,methode,n_temperatures,MAE,RMSE,biais
1,3,M1 - Linéaire,1000,1.0583210844508775,1.4256110969238958,0.016427749602986017
1,3,M2 - Journalier ±24h,1000,1.7506380253351153,2.387639358432155,-0.03205597715149617
1,3,M3 - Hybride,1000,1.166820609846792,1.5718066831414736,-0.007814113774255126
2,6,M1 - Linéaire,2000,1.663297982377294,2.241353113812207,-0.06123929144644841
2,6,M2 - Journalier ±24h,2000,1.7414455428417963,2.360469902334499,-0.08664980958922029
2,6,M3 - Hybride,2000,1.3932809750848574,1.840959432628347,-0.07394455051783426
3,9,M1 - Linéaire,3000,2.25329425474304,2.997252231248508,0.04370220435769617
3,9,M2 - Journalier ±24h,3000,1.7763294350503827,2.3966506828514285,0.03886236373309233
3,9,M3 - Hybride,3000,1.6418466092063828,2.1347175192741106,0.04128228404539418
8,24,M1 - Linéaire,8000,3.2522840528340016,4.403272417337965,-0.07294079431234125
8,24,M2 - Journalier ±24h,8000,1.7546316542331537,2.331672737788573,0.009403654193530784
8,24,M3 - Hybride,8000,2.092376383214242,2.7502452272328415,-0.031768570059405234
