station_corrigee,nom_station,timestamp,temperature_corrigee,station_voisine,rang_voisin,correlation,temperature_voisine
07650,MARIGNANE,2023-08-09 09:00:00+00:00,27.708395661769945,07643,1,0.962067757932087,29.30000000000001
07650,MARIGNANE,2023-08-09 09:00:00+00:00,27.708395661769945,07577,2,0.950583288771478,24.700000000000045
07650,MARIGNANE,2023-08-09 09:00:00+00:00,27.708395661769945,07690,3,0.9333191823692358,23.80000000000001
07650,MARIGNANE,2023-08-09 09:00:00+00:00,27.708395661769945,07591,4,0.9300602029924038,22.90000000000004
07650,MARIGNANE,2023-08-09 09:00:00+00:00,27.708395661769945,07747,5,0.9298342440425832,30.0
07627,ST GIRONS,2025-09-23 15:00:00+00:00,13.654755189590208,07621,1,0.9679824908318391,14.0
07627,ST GIRONS,2025-09-23 15:00:00+00:00,13.654755189590208,07630,2,0.9533558239315744,15.200000000000044
07627,ST GIRONS,2025-09-23 15:00:00+00:00,13.654755189590208,07607,3,0.9475742295534171,16.0
07627,ST GIRONS,2025-09-23 15:00:00+00:00,13.654755189590208,07535,4,0.9387213541276083,8.800000000000011
07627,ST GIRONS,2025-09-23 15:00:00+00:00,13.654755189590208,07510,5,0.931252610359683,16.400000000000034
