numero_anomalie,station,timestamp_anomalie,timestamp,decalage_heures,temperature_finale,temperature_originale,est_originale
1,07139,2022-06-18 21:00:00+00:00,2022-06-18 12:00:00+00:00,-9,34.10000000000002,34.10000000000002,True
1,07139,2022-06-18 21:00:00+00:00,2022-06-18 15:00:00+00:00,-6,36.5,36.5,True
1,07139,2022-06-18 21:00:00+00:00,2022-06-18 18:00:00+00:00,-3,36.200000000000045,36.200000000000045,True
1,07139,2022-06-18 21:00:00+00:00,2022-06-18 21:00:00+00:00,0,19.0,19.0,True
1,07139,2022-06-18 21:00:00+00:00,2022-06-19 00:00:00+00:00,3,15.400000000000034,15.400000000000034,True
1,07139,2022-06-18 21:00:00+00:00,2022-06-19 03:00:00+00:00,6,15.100000000000025,15.100000000000025,True
2,07621,2019-03-12 09:00:00+00:00,2019-03-12 00:00:00+00:00,-9,4.100000000000023,4.100000000000023,True
2,07621,2019-03-12 09:00:00+00:00,2019-03-12 03:00:00+00:00,-6,0.5,0.5,True
2,07621,2019-03-12 09:00:00+00:00,2019-03-12 06:00:00+00:00,-3,-1.8999999999999773,-1.8999999999999773,True
2,07621,2019-03-12 09:00:00+00:00,2019-03-12 09:00:00+00:00,0,15.200000000000044,15.200000000000044,True
2,07621,2019-03-12 09:00:00+00:00,2019-03-12 12:00:00+00:00,3,19.0,19.0,True
2,07621,2019-03-12 09:00:00+00:00,2019-03-12 15:00:00+00:00,6,19.80000000000001,19.80000000000001,True
3,07299,2023-08-24 18:00:00+00:00,2023-08-24 09:00:00+00:00,-9,27.90000000000004,27.900000000000038,True
3,07299,2023-08-24 18:00:00+00:00,2023-08-24 12:00:00+00:00,-6,33.900000000000034,33.900000000000034,True
3,07299,2023-08-24 18:00:00+00:00,2023-08-24 15:00:00+00:00,-3,37.5,37.5,True
3,07299,2023-08-24 18:00:00+00:00,2023-08-24 18:00:00+00:00,0,20.40000000000004,20.400000000000038,True
3,07299,2023-08-24 18:00:00+00:00,2023-08-24 21:00:00+00:00,3,21.200000000000045,21.200000000000045,True
3,07299,2023-08-24 18:00:00+00:00,2023-08-25 00:00:00+00:00,6,20.90000000000004,20.900000000000038,True
4,07627,2025-08-13 15:00:00+00:00,2025-08-13 06:00:00+00:00,-9,23.0,23.0,True
4,07627,2025-08-13 15:00:00+00:00,2025-08-13 09:00:00+00:00,-6,32.200000000000045,32.200000000000045,True
4,07627,2025-08-13 15:00:00+00:00,2025-08-13 12:00:00+00:00,-3,37.60000000000002,37.60000000000002,True
4,07627,2025-08-13 15:00:00+00:00,2025-08-13 15:00:00+00:00,0,20.600000000000023,20.600000000000023,True
4,07627,2025-08-13 15:00:00+00:00,2025-08-13 18:00:00+00:00,3,20.100000000000023,20.100000000000023,True
4,07627,2025-08-13 15:00:00+00:00,2025-08-13 21:00:00+00:00,6,19.0,19.0,True
5,07471,2019-09-29 09:00:00+00:00,2019-09-29 00:00:00+00:00,-9,5.2000000000000455,5.2000000000000455,True
5,07471,2019-09-29 09:00:00+00:00,2019-09-29 03:00:00+00:00,-6,4.5,4.5,True
5,07471,2019-09-29 09:00:00+00:00,2019-09-29 06:00:00+00:00,-3,3.400000000000034,3.400000000000034,True
5,07471,2019-09-29 09:00:00+00:00,2019-09-29 09:00:00+00:00,0,19.600000000000023,19.600000000000023,True
5,07471,2019-09-29 09:00:00+00:00,2019-09-29 12:00:00+00:00,3,23.90000000000004,23.900000000000038,True
5,07471,2019-09-29 09:00:00+00:00,2019-09-29 15:00:00+00:00,6,23.5,23.5,True
6,07280,2023-07-11 18:00:00+00:00,2023-07-11 09:00:00+00:00,-9,30.100000000000023,30.100000000000023,True
6,07280,2023-07-11 18:00:00+00:00,2023-07-11 12:00:00+00:00,-6,33.80000000000001,33.80000000000001,True
6,07280,2023-07-11 18:00:00+00:00,2023-07-11 15:00:00+00:00,-3,36.10000000000002,36.10000000000002,True
6,07280,2023-07-11 18:00:00+00:00,2023-07-11 18:00:00+00:00,0,20.0,20.0,True
6,07280,2023-07-11 18:00:00+00:00,2023-07-11 21:00:00+00:00,3,20.5,20.5,True
6,07280,2023-07-11 18:00:00+00:00,2023-07-12 00:00:00+00:00,6,20.80000000000001,20.80000000000001,True
7,07627,2021-01-20 12:00:00+00:00,2021-01-20 03:00:00+00:00,-9,3.8000000000000114,3.8000000000000114,True
7,07627,2021-01-20 12:00:00+00:00,2021-01-20 06:00:00+00:00,-6,1.0,1.0,True
7,07627,2021-01-20 12:00:00+00:00,2021-01-20 09:00:00+00:00,-3,1.2000000000000457,1.2000000000000457,True
7,07627,2021-01-20 12:00:00+00:00,2021-01-20 12:00:00+00:00,0,17.100000000000023,17.100000000000023,True
7,07627,2021-01-20 12:00:00+00:00,2021-01-20 15:00:00+00:00,3,15.400000000000034,15.400000000000034,True
7,07627,2021-01-20 12:00:00+00:00,2021-01-20 18:00:00+00:00,6,12.5,12.5,True
8,07591,2019-01-02 09:00:00+00:00,2019-01-02 00:00:00+00:00,-9,-2.599999999999966,-2.599999999999966,True
8,07591,2019-01-02 09:00:00+00:00,2019-01-02 03:00:00+00:00,-6,-3.899999999999977,-3.899999999999977,True
8,07591,2019-01-02 09:00:00+00:00,2019-01-02 06:00:00+00:00,-3,-4.399999999999977,-4.399999999999977,True
8,07591,2019-01-02 09:00:00+00:00,2019-01-02 09:00:00+00:00,0,11.300000000000011,11.300000000000011,True
8,07591,2019-01-02 09:00:00+00:00,2019-01-02 12:00:00+00:00,3,13.400000000000034,13.400000000000034,True
8,07591,2019-01-02 09:00:00+00:00,2019-01-02 15:00:00+00:00,6,11.900000000000034,11.900000000000034,True
9,07072,2022-07-18 21:00:00+00:00,2022-07-18 12:00:00+00:00,-9,34.0,34.0,True
9,07072,2022-07-18 21:00:00+00:00,2022-07-18 15:00:00+00:00,-6,36.30000000000001,36.30000000000001,True
9,07072,2022-07-18 21:00:00+00:00,2022-07-18 18:00:00+00:00,-3,34.10000000000002,34.10000000000002,True
9,07072,2022-07-18 21:00:00+00:00,2022-07-18 21:00:00+00:00,0,18.40000000000004,18.400000000000038,True
9,07072,2022-07-18 21:00:00+00:00,2022-07-19 00:00:00+00:00,3,14.700000000000044,14.700000000000044,True
9,07072,2022-07-18 21:00:00+00:00,2022-07-19 03:00:00+00:00,6,14.200000000000044,14.200000000000044,True
10,07072,2019-07-23 21:00:00+00:00,2019-07-23 12:00:00+00:00,-9,34.400000000000034,34.400000000000034,True
10,07072,2019-07-23 21:00:00+00:00,2019-07-23 15:00:00+00:00,-6,36.0,36.0,True
10,07072,2019-07-23 21:00:00+00:00,2019-07-23 18:00:00+00:00,-3,34.60000000000002,34.60000000000002,True
10,07072,2019-07-23 21:00:00+00:00,2019-07-23 21:00:00+00:00,0,18.90000000000004,18.900000000000038,True
10,07072,2019-07-23 21:00:00+00:00,2019-07-24 00:00:00+00:00,3,17.100000000000023,17.100000000000023,True
10,07072,2019-07-23 21:00:00+00:00,2019-07-24 03:00:00+00:00,6,16.80000000000001,16.80000000000001,True
11,07577,2020-08-01 18:00:00+00:00,2020-08-01 09:00:00+00:00,-9,30.0,30.0,True
11,07577,2020-08-01 18:00:00+00:00,2020-08-01 12:00:00+00:00,-6,36.5,36.5,True
11,07577,2020-08-01 18:00:00+00:00,2020-08-01 15:00:00+00:00,-3,38.200000000000045,38.200000000000045,True
11,07577,2020-08-01 18:00:00+00:00,2020-08-01 18:00:00+00:00,0,22.600000000000023,22.600000000000023,True
11,07577,2020-08-01 18:00:00+00:00,2020-08-01 21:00:00+00:00,3,21.40000000000004,21.400000000000038,True
11,07577,2020-08-01 18:00:00+00:00,2020-08-02 00:00:00+00:00,6,23.0,23.0,True
12,07627,2020-08-25 09:00:00+00:00,2020-08-25 00:00:00+00:00,-9,12.900000000000034,12.900000000000034,True
12,07627,2020-08-25 09:00:00+00:00,2020-08-25 03:00:00+00:00,-6,14.200000000000044,14.200000000000044,True
12,07627,2020-08-25 09:00:00+00:00,2020-08-25 06:00:00+00:00,-3,12.200000000000044,12.200000000000044,True
12,07627,2020-08-25 09:00:00+00:00,2020-08-25 09:00:00+00:00,0,27.600000000000023,27.600000000000023,True
12,07627,2020-08-25 09:00:00+00:00,2020-08-25 12:00:00+00:00,3,32.10000000000002,32.10000000000002,True
12,07627,2020-08-25 09:00:00+00:00,2020-08-25 15:00:00+00:00,6,32.700000000000045,32.700000000000045,True
13,07168,2025-06-13 12:00:00+00:00,2025-06-13 03:00:00+00:00,-9,18.90000000000004,18.900000000000038,True
13,07168,2025-06-13 12:00:00+00:00,2025-06-13 06:00:00+00:00,-6,21.100000000000023,21.100000000000023,True
13,07168,2025-06-13 12:00:00+00:00,2025-06-13 09:00:00+00:00,-3,17.100000000000023,17.100000000000023,True
13,07168,2025-06-13 12:00:00+00:00,2025-06-13 12:00:00+00:00,0,32.5,32.5,True
13,07168,2025-06-13 12:00:00+00:00,2025-06-13 15:00:00+00:00,3,34.60000000000002,34.60000000000002,True
13,07168,2025-06-13 12:00:00+00:00,2025-06-13 18:00:00+00:00,6,33.30000000000001,33.30000000000001,True
14,07072,2018-09-17 09:00:00+00:00,2018-09-17 00:00:00+00:00,-9,8.100000000000023,8.100000000000023,True
14,07072,2018-09-17 09:00:00+00:00,2018-09-17 03:00:00+00:00,-6,4.900000000000034,4.900000000000034,True
14,07072,2018-09-17 09:00:00+00:00,2018-09-17 06:00:00+00:00,-3,4.600000000000023,4.600000000000023,True
14,07072,2018-09-17 09:00:00+00:00,2018-09-17 09:00:00+00:00,0,19.90000000000004,19.900000000000038,True
14,07072,2018-09-17 09:00:00+00:00,2018-09-17 12:00:00+00:00,3,25.80000000000001,25.80000000000001,True
14,07072,2018-09-17 09:00:00+00:00,2018-09-17 15:00:00+00:00,6,27.700000000000045,27.700000000000045,True
15,07471,2021-10-01 09:00:00+00:00,2021-10-01 00:00:00+00:00,-9,2.900000000000034,2.900000000000034,True
15,07471,2021-10-01 09:00:00+00:00,2021-10-01 03:00:00+00:00,-6,1.3000000000000114,1.3000000000000114,True
15,07471,2021-10-01 09:00:00+00:00,2021-10-01 06:00:00+00:00,-3,0.6000000000000227,0.6000000000000227,True
15,07471,2021-10-01 09:00:00+00:00,2021-10-01 09:00:00+00:00,0,15.900000000000034,15.900000000000034,True
15,07471,2021-10-01 09:00:00+00:00,2021-10-01 12:00:00+00:00,3,20.100000000000023,20.100000000000023,True
15,07471,2021-10-01 09:00:00+00:00,2021-10-01 15:00:00+00:00,6,20.100000000000023,20.100000000000023,True
16,07621,2023-03-16 09:00:00+00:00,2023-03-16 00:00:00+00:00,-9,4.0,4.0,True
16,07621,2023-03-16 09:00:00+00:00,2023-03-16 03:00:00+00:00,-6,2.400000000000034,2.400000000000034,True
16,07621,2023-03-16 09:00:00+00:00,2023-03-16 06:00:00+00:00,-3,2.800000000000012,2.800000000000012,True
16,07621,2023-03-16 09:00:00+00:00,2023-03-16 09:00:00+00:00,0,18.0,18.0,True
16,07621,2023-03-16 09:00:00+00:00,2023-03-16 12:00:00+00:00,3,22.700000000000045,22.700000000000045,True
16,07621,2023-03-16 09:00:00+00:00,2023-03-16 15:00:00+00:00,6,22.100000000000023,22.100000000000023,True
17,07005,2020-07-31 18:00:00+00:00,2020-07-31 09:00:00+00:00,-9,27.100000000000023,27.100000000000023,True
17,07005,2020-07-31 18:00:00+00:00,2020-07-31 12:00:00+00:00,-6,35.200000000000045,35.200000000000045,True
17,07005,2020-07-31 18:00:00+00:00,2020-07-31 15:00:00+00:00,-3,37.60000000000002,37.60000000000002,True
17,07005,2020-07-31 18:00:00+00:00,2020-07-31 18:00:00+00:00,0,22.5,22.5,True
17,07005,2020-07-31 18:00:00+00:00,2020-07-31 21:00:00+00:00,3,18.700000000000045,18.700000000000045,True
17,07005,2020-07-31 18:00:00+00:00,2020-08-01 00:00:00+00:00,6,17.5,17.5,True
18,07037,2019-07-25 18:00:00+00:00,2019-07-25 09:00:00+00:00,-9,33.400000000000034,33.400000000000034,True
18,07037,2019-07-25 18:00:00+00:00,2019-07-25 12:00:00+00:00,-6,39.700000000000045,39.700000000000045,True
18,07037,2019-07-25 18:00:00+00:00,2019-07-25 15:00:00+00:00,-3,40.900000000000034,40.900000000000034,True
18,07037,2019-07-25 18:00:00+00:00,2019-07-25 18:00:00+00:00,0,25.80000000000001,25.80000000000001,True
18,07037,2019-07-25 18:00:00+00:00,2019-07-25 21:00:00+00:00,3,21.40000000000004,21.400000000000038,True
18,07037,2019-07-25 18:00:00+00:00,2019-07-26 00:00:00+00:00,6,20.100000000000023,20.100000000000023,True
