station,debut,fin,nombre_points,duree_ecoulee_heures,duree_grille_heures,observation_avant,observation_apres,temperature_avant,temperature_apres,encadree
07005,2023-07-24 09:00:00+00:00,2023-07-25 06:00:00+00:00,8,21.0,24,True,True,15.900000000000034,17.400000000000034,True
07015,2023-07-24 09:00:00+00:00,2023-07-25 06:00:00+00:00,8,21.0,24,True,True,16.100000000000023,16.100000000000023,True
07020,2023-07-24 09:00:00+00:00,2023-07-25 06:00:00+00:00,8,21.0,24,True,True,15.400000000000034,17.80000000000001,True
07027,2023-07-24 09:00:00+00:00,2023-07-25 06:00:00+00:00,8,21.0,24,True,True,15.5,16.200000000000045,True
07037,2023-07-24 09:00:00+00:00,2023-07-25 06:00:00+00:00,8,21.0,24,True,True,15.100000000000025,15.0,True
07072,2023-07-24 09:00:00+00:00,2023-07-25 06:00:00+00:00,8,21.0,24,True,True,17.30000000000001,15.300000000000011,True
07110,2023-07-24 09:00:00+00:00,2023-07-25 06:00:00+00:00,8,21.0,24,True,True,16.100000000000023,17.0,True
07117,2023-07-24 09:00:00+00:00,2023-07-25 06:00:00+00:00,8,21.0,24,True,True,15.600000000000025,17.30000000000001,True
07130,2023-07-24 09:00:00+00:00,2023-07-25 06:00:00+00:00,8,21.0,24,True,True,15.700000000000044,17.200000000000045,True
07139,2023-07-24 09:00:00+00:00,2023-07-25 06:00:00+00:00,8,21.0,24,True,True,15.5,17.100000000000023,True
07149,2023-07-24 09:00:00+00:00,2023-07-25 06:00:00+00:00,8,21.0,24,True,True,17.30000000000001,14.400000000000034,True
07168,2023-07-24 09:00:00+00:00,2023-07-25 06:00:00+00:00,8,21.0,24,True,True,18.30000000000001,16.30000000000001,True
07181,2023-07-24 09:00:00+00:00,2023-07-25 06:00:00+00:00,8,21.0,24,True,True,18.80000000000001,16.400000000000034,True
07190,2023-07-24 09:00:00+00:00,2023-07-25 06:00:00+00:00,8,21.0,24,True,True,17.900000000000034,20.100000000000023,True
07222,2023-07-24 09:00:00+00:00,2023-07-25 06:00:00+00:00,8,21.0,24,True,True,16.80000000000001,18.80000000000001,True
07240,2023-07-24 09:00:00+00:00,2023-07-25 06:00:00+00:00,8,21.0,24,True,True,17.0,17.5,True
07255,2023-07-24 09:00:00+00:00,2023-07-25 06:00:00+00:00,8,21.0,24,True,True,18.700000000000045,16.200000000000045,True
07280,2023-07-24 09:00:00+00:00,2023-07-25 06:00:00+00:00,8,21.0,24,True,True,18.200000000000045,20.30000000000001,True
07299,2023-07-24 09:00:00+00:00,2023-07-25 06:00:00+00:00,8,21.0,24,True,True,19.700000000000045,18.0,True
07314,2023-07-24 09:00:00+00:00,2023-07-25 06:00:00+00:00,8,21.0,24,True,True,19.5,17.700000000000045,True
07335,2023-07-24 09:00:00+00:00,2023-07-25 06:00:00+00:00,8,21.0,24,True,True,17.30000000000001,17.400000000000034,True
07434,2023-07-24 09:00:00+00:00,2023-07-25 06:00:00+00:00,8,21.0,24,True,True,16.5,14.100000000000025,True
07460,2023-07-24 09:00:00+00:00,2023-07-25 06:00:00+00:00,8,21.0,24,True,True,19.600000000000023,18.600000000000023,True
07471,2023-07-24 09:00:00+00:00,2023-07-25 06:00:00+00:00,8,21.0,24,True,True,17.400000000000034,16.5,True
07481,2023-07-24 09:00:00+00:00,2023-07-25 06:00:00+00:00,8,21.0,24,True,True,21.80000000000001,20.900000000000038,True
07510,2023-07-24 09:00:00+00:00,2023-07-25 06:00:00+00:00,8,21.0,24,True,True,19.80000000000001,21.200000000000045,True
07535,2023-07-24 09:00:00+00:00,2023-07-25 06:00:00+00:00,8,21.0,24,True,True,17.900000000000034,18.700000000000045,True
07558,2023-07-24 09:00:00+00:00,2023-07-25 06:00:00+00:00,8,21.0,24,True,True,18.400000000000038,15.900000000000034,True
07577,2023-07-24 09:00:00+00:00,2023-07-25 06:00:00+00:00,8,21.0,24,True,True,22.0,24.30000000000001,True
07591,2023-07-24 09:00:00+00:00,2023-07-25 06:00:00+00:00,8,21.0,24,True,True,17.900000000000034,21.400000000000038,True
07607,2023-07-24 09:00:00+00:00,2023-07-25 06:00:00+00:00,8,21.0,24,True,True,20.700000000000045,18.900000000000038,True
07621,2023-07-24 09:00:00+00:00,2023-07-25 06:00:00+00:00,8,21.0,24,True,True,18.0,15.600000000000025,True
07627,2023-07-24 09:00:00+00:00,2023-07-25 06:00:00+00:00,8,21.0,24,True,True,17.5,16.100000000000023,True
07630,2023-07-24 09:00:00+00:00,2023-07-25 06:00:00+00:00,8,21.0,24,True,True,19.5,19.900000000000038,True
07643,2023-07-24 09:00:00+00:00,2023-07-25 06:00:00+00:00,8,21.0,24,True,True,25.0,25.100000000000023,True
07650,2023-07-24 09:00:00+00:00,2023-07-25 06:00:00+00:00,8,21.0,24,True,True,26.100000000000023,25.900000000000038,True
07690,2023-07-24 09:00:00+00:00,2023-07-25 06:00:00+00:00,8,21.0,24,True,True,25.0,29.900000000000038,True
07747,2023-07-24 09:00:00+00:00,2023-07-25 06:00:00+00:00,8,21.0,24,True,True,25.5,22.700000000000045,True
07761,2023-07-24 09:00:00+00:00,2023-07-25 06:00:00+00:00,8,21.0,24,True,True,30.5,30.600000000000023,True
07790,2023-07-24 09:00:00+00:00,2023-07-25 06:00:00+00:00,8,21.0,24,True,True,26.400000000000038,34.900000000000034,True
07005,2017-08-29 18:00:00+00:00,2017-08-30 00:00:00+00:00,3,6.0,9,True,True,31.80000000000001,19.30000000000001,True
07005,2018-07-13 00:00:00+00:00,2018-07-13 06:00:00+00:00,3,6.0,9,True,True,17.900000000000034,19.900000000000038,True
07005,2023-02-05 21:00:00+00:00,2023-02-06 03:00:00+00:00,3,6.0,9,True,True,5.5,1.2000000000000457,True
07015,2017-08-29 18:00:00+00:00,2017-08-30 00:00:00+00:00,3,6.0,9,True,True,32.60000000000002,20.200000000000045,True
07015,2018-07-13 00:00:00+00:00,2018-07-13 06:00:00+00:00,3,6.0,9,True,True,17.5,18.400000000000038,True
07015,2023-02-05 21:00:00+00:00,2023-02-06 03:00:00+00:00,3,6.0,9,True,True,6.600000000000023,2.1000000000000227,True
07020,2017-08-29 18:00:00+00:00,2017-08-30 00:00:00+00:00,3,6.0,9,True,True,19.0,16.200000000000045,True
07020,2018-07-13 00:00:00+00:00,2018-07-13 06:00:00+00:00,3,6.0,9,True,True,15.700000000000044,18.600000000000023,True
07020,2023-02-05 21:00:00+00:00,2023-02-06 03:00:00+00:00,3,6.0,9,True,True,6.900000000000034,5.300000000000011,True
07027,2017-08-29 18:00:00+00:00,2017-08-30 00:00:00+00:00,3,6.0,9,True,True,23.600000000000023,16.30000000000001,True
07027,2018-07-13 00:00:00+00:00,2018-07-13 06:00:00+00:00,3,6.0,9,True,True,15.700000000000044,21.900000000000038,True
07027,2023-02-05 21:00:00+00:00,2023-02-06 03:00:00+00:00,3,6.0,9,True,True,5.900000000000034,2.400000000000034,True
07037,2017-08-29 18:00:00+00:00,2017-08-30 00:00:00+00:00,3,6.0,9,True,True,32.60000000000002,17.400000000000034,True
07037,2018-07-13 00:00:00+00:00,2018-07-13 06:00:00+00:00,3,6.0,9,True,True,18.600000000000023,21.5,True
07037,2023-02-05 21:00:00+00:00,2023-02-06 03:00:00+00:00,3,6.0,9,True,True,5.5,0.3000000000000113,True
07072,2017-08-29 18:00:00+00:00,2017-08-30 00:00:00+00:00,3,6.0,9,True,True,31.700000000000045,18.80000000000001,True
07072,2018-07-13 00:00:00+00:00,2018-07-13 06:00:00+00:00,3,6.0,9,True,True,19.900000000000038,23.600000000000023,True
07072,2023-02-05 21:00:00+00:00,2023-02-06 03:00:00+00:00,3,6.0,9,True,True,5.400000000000034,0.5,True
07110,2017-08-29 18:00:00+00:00,2017-08-30 00:00:00+00:00,3,6.0,9,True,True,16.5,12.700000000000044,True
07110,2018-07-13 00:00:00+00:00,2018-07-13 06:00:00+00:00,3,6.0,9,True,True,16.600000000000023,21.400000000000038,True
07110,2023-02-05 21:00:00+00:00,2023-02-06 03:00:00+00:00,3,6.0,9,True,True,6.900000000000034,2.0,True
07117,2017-08-29 18:00:00+00:00,2017-08-30 00:00:00+00:00,3,6.0,9,True,True,17.600000000000023,14.700000000000044,True
07117,2018-07-13 00:00:00+00:00,2018-07-13 06:00:00+00:00,3,6.0,9,True,True,15.400000000000034,19.0,True
07117,2023-02-05 21:00:00+00:00,2023-02-06 03:00:00+00:00,3,6.0,9,True,True,7.900000000000034,5.600000000000023,True
07130,2017-08-29 18:00:00+00:00,2017-08-30 00:00:00+00:00,3,6.0,9,True,True,29.0,16.80000000000001,True
07130,2018-07-13 00:00:00+00:00,2018-07-13 06:00:00+00:00,3,6.0,9,True,True,18.900000000000038,22.5,True
07130,2023-02-05 21:00:00+00:00,2023-02-06 03:00:00+00:00,3,6.0,9,True,True,7.700000000000045,1.5,True
07139,2017-08-29 18:00:00+00:00,2017-08-30 00:00:00+00:00,3,6.0,9,True,True,33.30000000000001,17.200000000000045,True
07139,2018-07-13 00:00:00+00:00,2018-07-13 06:00:00+00:00,3,6.0,9,True,True,19.700000000000045,22.100000000000023,True
07139,2023-02-05 21:00:00+00:00,2023-02-06 03:00:00+00:00,3,6.0,9,True,True,5.300000000000011,2.400000000000034,True
07149,2017-08-29 18:00:00+00:00,2017-08-30 00:00:00+00:00,3,6.0,9,True,True,31.900000000000038,20.100000000000023,True
07149,2018-07-13 00:00:00+00:00,2018-07-13 06:00:00+00:00,3,6.0,9,True,True,22.0,23.80000000000001,True
07149,2023-02-05 21:00:00+00:00,2023-02-06 03:00:00+00:00,3,6.0,9,True,True,6.7000000000000455,2.0,True
07168,2017-08-29 18:00:00+00:00,2017-08-30 00:00:00+00:00,3,6.0,9,True,True,32.700000000000045,22.80000000000001,True
07168,2018-07-13 00:00:00+00:00,2018-07-13 06:00:00+00:00,3,6.0,9,True,True,17.30000000000001,24.900000000000038,True
07168,2023-02-05 21:00:00+00:00,2023-02-06 03:00:00+00:00,3,6.0,9,True,True,5.0,2.700000000000045,True
07181,2017-08-29 18:00:00+00:00,2017-08-30 00:00:00+00:00,3,6.0,9,True,True,31.200000000000045,20.400000000000038,True
07181,2018-07-13 00:00:00+00:00,2018-07-13 06:00:00+00:00,3,6.0,9,True,True,17.900000000000034,24.0,True
07181,2023-02-05 21:00:00+00:00,2023-02-06 03:00:00+00:00,3,6.0,9,True,True,4.7000000000000455,3.6000000000000227,True
07190,2017-08-29 18:00:00+00:00,2017-08-30 00:00:00+00:00,3,6.0,9,True,True,32.400000000000034,16.100000000000023,True
07190,2018-07-13 00:00:00+00:00,2018-07-13 06:00:00+00:00,3,6.0,9,True,True,17.400000000000034,24.200000000000045,True
07190,2023-02-05 21:00:00+00:00,2023-02-06 03:00:00+00:00,3,6.0,9,True,True,5.7000000000000455,1.400000000000034,True
07222,2017-08-29 18:00:00+00:00,2017-08-30 00:00:00+00:00,3,6.0,9,True,True,26.400000000000038,18.200000000000045,True
07222,2018-07-13 00:00:00+00:00,2018-07-13 06:00:00+00:00,3,6.0,9,True,True,21.200000000000045,23.400000000000038,True
07222,2023-02-05 21:00:00+00:00,2023-02-06 03:00:00+00:00,3,6.0,9,True,True,7.100000000000023,1.7000000000000457,True
07240,2017-08-29 18:00:00+00:00,2017-08-30 00:00:00+00:00,3,6.0,9,True,True,35.900000000000034,19.200000000000045,True
07240,2018-07-13 00:00:00+00:00,2018-07-13 06:00:00+00:00,3,6.0,9,True,True,19.400000000000038,24.30000000000001,True
07240,2023-02-05 21:00:00+00:00,2023-02-06 03:00:00+00:00,3,6.0,9,True,True,6.5,1.900000000000034,True
07255,2017-08-29 18:00:00+00:00,2017-08-30 00:00:00+00:00,3,6.0,9,True,True,34.5,20.900000000000038,True
07255,2018-07-13 00:00:00+00:00,2018-07-13 06:00:00+00:00,3,6.0,9,True,True,20.400000000000038,25.30000000000001,True
07255,2023-02-05 21:00:00+00:00,2023-02-06 03:00:00+00:00,3,6.0,9,True,True,6.0,2.400000000000034,True
07280,2017-08-29 18:00:00+00:00,2017-08-30 00:00:00+00:00,3,6.0,9,True,True,34.5,18.900000000000038,True
07280,2018-07-13 00:00:00+00:00,2018-07-13 06:00:00+00:00,3,6.0,9,True,True,20.600000000000023,24.100000000000023,True
07280,2023-02-05 21:00:00+00:00,2023-02-06 03:00:00+00:00,3,6.0,9,True,True,5.100000000000023,3.6000000000000227,True
07299,2017-08-29 18:00:00+00:00,2017-08-30 00:00:00+00:00,3,6.0,9,True,True,32.900000000000034,19.200000000000045,True
07299,2018-07-13 00:00:00+00:00,2018-07-13 06:00:00+00:00,3,6.0,9,True,True,16.5,24.0,True
07299,2023-02-05 21:00:00+00:00,2023-02-06 03:00:00+00:00,3,6.0,9,True,True,4.5,2.200000000000045,True
07314,2017-08-29 18:00:00+00:00,2017-08-30 00:00:00+00:00,3,6.0,9,True,True,23.600000000000023,20.400000000000038,True
07314,2018-07-13 00:00:00+00:00,2018-07-13 06:00:00+00:00,3,6.0,9,True,True,19.80000000000001,22.5,True
07314,2023-02-05 21:00:00+00:00,2023-02-06 03:00:00+00:00,3,6.0,9,True,True,9.900000000000034,4.800000000000011,True
07335,2017-08-29 18:00:00+00:00,2017-08-30 00:00:00+00:00,3,6.0,9,True,True,31.200000000000045,18.900000000000038,True
07335,2018-07-13 00:00:00+00:00,2018-07-13 06:00:00+00:00,3,6.0,9,True,True,19.900000000000038,24.400000000000038,True
07335,2023-02-05 21:00:00+00:00,2023-02-06 03:00:00+00:00,3,6.0,9,True,True,7.0,-0.3999999999999772,True
07434,2017-08-29 18:00:00+00:00,2017-08-30 00:00:00+00:00,3,6.0,9,True,True,27.200000000000045,18.900000000000038,True
07434,2018-07-13 00:00:00+00:00,2018-07-13 06:00:00+00:00,3,6.0,9,True,True,20.400000000000038,22.700000000000045,True
07434,2023-02-05 21:00:00+00:00,2023-02-06 03:00:00+00:00,3,6.0,9,True,True,7.0,2.700000000000045,True
07460,2017-08-29 18:00:00+00:00,2017-08-30 00:00:00+00:00,3,6.0,9,True,True,31.600000000000023,20.400000000000038,True
07460,2018-07-13 00:00:00+00:00,2018-07-13 06:00:00+00:00,3,6.0,9,True,True,20.100000000000023,24.200000000000045,True
07460,2023-02-05 21:00:00+00:00,2023-02-06 03:00:00+00:00,3,6.0,9,True,True,6.400000000000034,4.0,True
07471,2017-08-29 18:00:00+00:00,2017-08-30 00:00:00+00:00,3,6.0,9,True,True,29.400000000000038,16.0,True
07471,2018-07-13 00:00:00+00:00,2018-07-13 06:00:00+00:00,3,6.0,9,True,True,16.5,21.700000000000045,True
07471,2023-02-05 21:00:00+00:00,2023-02-06 03:00:00+00:00,3,6.0,9,True,True,2.800000000000012,1.2000000000000457,True
07481,2017-08-29 18:00:00+00:00,2017-08-30 00:00:00+00:00,3,6.0,9,True,True,34.400000000000034,22.80000000000001,True
07481,2018-07-13 00:00:00+00:00,2018-07-13 06:00:00+00:00,3,6.0,9,True,True,21.100000000000023,24.100000000000023,True
07481,2023-02-05 21:00:00+00:00,2023-02-06 03:00:00+00:00,3,6.0,9,True,True,6.100000000000023,2.1000000000000227,True
07510,2017-08-29 18:00:00+00:00,2017-08-30 00:00:00+00:00,3,6.0,9,True,True,30.700000000000045,19.900000000000038,True
07510,2018-07-13 00:00:00+00:00,2018-07-13 06:00:00+00:00,3,6.0,9,True,True,20.5,22.100000000000023,True
07510,2023-02-05 21:00:00+00:00,2023-02-06 03:00:00+00:00,3,6.0,9,True,True,7.5,2.400000000000034,True
07535,2017-08-29 18:00:00+00:00,2017-08-30 00:00:00+00:00,3,6.0,9,True,True,30.100000000000023,19.400000000000038,True
07535,2018-07-13 00:00:00+00:00,2018-07-13 06:00:00+00:00,3,6.0,9,True,True,18.900000000000038,24.400000000000038,True
07535,2023-02-05 21:00:00+00:00,2023-02-06 03:00:00+00:00,3,6.0,9,True,True,7.0,-1.599999999999966,True
07558,2017-08-29 18:00:00+00:00,2017-08-30 00:00:00+00:00,3,6.0,9,True,True,29.900000000000038,19.700000000000045,True
07558,2018-07-13 00:00:00+00:00,2018-07-13 06:00:00+00:00,3,6.0,9,True,True,19.0,22.5,True
07558,2023-02-05 21:00:00+00:00,2023-02-06 03:00:00+00:00,3,6.0,9,True,True,3.900000000000034,1.2000000000000457,True
07577,2017-08-29 18:00:00+00:00,2017-08-30 00:00:00+00:00,3,6.0,9,True,True,33.60000000000002,22.100000000000023,True
07577,2018-07-13 00:00:00+00:00,2018-07-13 06:00:00+00:00,3,6.0,9,True,True,21.900000000000038,25.80000000000001,True
07577,2023-02-05 21:00:00+00:00,2023-02-06 03:00:00+00:00,3,6.0,9,True,True,8.300000000000011,6.7000000000000455,True
07591,2017-08-29 18:00:00+00:00,2017-08-30 00:00:00+00:00,3,6.0,9,True,True,29.600000000000023,17.200000000000045,True
07591,2018-07-13 00:00:00+00:00,2018-07-13 06:00:00+00:00,3,6.0,9,True,True,20.30000000000001,23.700000000000045,True
07591,2023-02-05 21:00:00+00:00,2023-02-06 03:00:00+00:00,3,6.0,9,True,True,3.5,4.5,True
07607,2017-08-29 18:00:00+00:00,2017-08-30 00:00:00+00:00,3,6.0,9,True,True,29.5,19.5,True
07607,2018-07-13 00:00:00+00:00,2018-07-13 06:00:00+00:00,3,6.0,9,True,True,20.200000000000045,18.80000000000001,True
07607,2023-02-05 21:00:00+00:00,2023-02-06 03:00:00+00:00,3,6.0,9,True,True,9.0,-1.0,True
07621,2017-08-29 18:00:00+00:00,2017-08-30 00:00:00+00:00,3,6.0,9,True,True,26.80000000000001,18.86515777136367,True
07621,2018-07-13 00:00:00+00:00,2018-07-13 06:00:00+00:00,3,6.0,9,True,True,20.0,22.400000000000038,True
07621,2023-02-05 21:00:00+00:00,2023-02-06 03:00:00+00:00,3,6.0,9,True,True,5.400000000000034,3.0,True
07627,2017-08-29 18:00:00+00:00,2017-08-30 00:00:00+00:00,3,6.0,9,True,True,25.600000000000023,18.947088360936505,True
07627,2018-07-13 00:00:00+00:00,2018-07-13 06:00:00+00:00,3,6.0,9,True,True,19.400000000000038,22.80000000000001,True
07627,2023-02-05 21:00:00+00:00,2023-02-06 03:00:00+00:00,3,6.0,9,True,True,7.100000000000023,1.5,True
07630,2017-08-29 18:00:00+00:00,2017-08-30 00:00:00+00:00,3,6.0,9,True,True,29.0,21.900000000000038,True
07630,2018-07-13 00:00:00+00:00,2018-07-13 06:00:00+00:00,3,6.0,9,True,True,23.80000000000001,26.200000000000045,True
07630,2023-02-05 21:00:00+00:00,2023-02-06 03:00:00+00:00,3,6.0,9,True,True,8.5,1.7000000000000457,True
07643,2017-08-29 18:00:00+00:00,2017-08-30 00:00:00+00:00,3,6.0,9,True,True,26.600000000000023,24.400000000000038,True
07643,2018-07-13 00:00:00+00:00,2018-07-13 06:00:00+00:00,3,6.0,9,True,True,22.5,29.100000000000023,True
07643,2023-02-05 21:00:00+00:00,2023-02-06 03:00:00+00:00,3,6.0,9,True,True,11.400000000000034,5.800000000000011,True
07650,2017-08-29 18:00:00+00:00,2017-08-30 00:00:00+00:00,3,6.0,9,True,True,29.400000000000038,22.200000000000045,True
07650,2018-07-13 00:00:00+00:00,2018-07-13 06:00:00+00:00,3,6.0,9,True,True,24.0,29.5,True
07650,2023-02-05 21:00:00+00:00,2023-02-06 03:00:00+00:00,3,6.0,9,True,True,9.700000000000044,6.100000000000023,True
07690,2017-08-29 18:00:00+00:00,2017-08-30 00:00:00+00:00,3,6.0,9,True,True,28.100000000000023,25.700000000000045,True
07690,2018-07-13 00:00:00+00:00,2018-07-13 06:00:00+00:00,3,6.0,9,True,True,25.80000000000001,26.700000000000045,True
07690,2023-02-05 21:00:00+00:00,2023-02-06 03:00:00+00:00,3,6.0,9,True,True,12.200000000000044,10.800000000000011,True
07747,2017-08-29 18:00:00+00:00,2017-08-30 00:00:00+00:00,3,6.0,9,True,True,28.100000000000023,21.700000000000045,True
07747,2018-07-13 00:00:00+00:00,2018-07-13 06:00:00+00:00,3,6.0,9,True,True,23.700000000000045,29.200000000000045,True
07747,2023-02-05 21:00:00+00:00,2023-02-06 03:00:00+00:00,3,6.0,9,True,True,10.900000000000034,7.300000000000011,True
07761,2017-08-29 18:00:00+00:00,2017-08-30 00:00:00+00:00,3,6.0,9,True,True,29.900000000000038,18.700000000000045,True
07761,2018-07-13 00:00:00+00:00,2018-07-13 06:00:00+00:00,3,6.0,9,True,True,23.0,28.100000000000023,True
07761,2023-02-05 21:00:00+00:00,2023-02-06 03:00:00+00:00,3,6.0,9,True,True,13.0,8.900000000000034,True
07790,2017-08-29 18:00:00+00:00,2017-08-30 00:00:00+00:00,3,6.0,9,True,True,30.100000000000023,21.0,True
07790,2018-07-13 00:00:00+00:00,2018-07-13 06:00:00+00:00,3,6.0,9,True,True,22.30000000000001,28.5,True
07790,2023-02-05 21:00:00+00:00,2023-02-06 03:00:00+00:00,3,6.0,9,True,True,10.200000000000044,6.400000000000034,True
07005,2017-11-14 03:00:00+00:00,2017-11-14 06:00:00+00:00,2,3.0,6,True,True,2.800000000000012,5.5,True
07005,2018-10-28 09:00:00+00:00,2018-10-28 12:00:00+00:00,2,3.0,6,True,True,4.5,6.7000000000000455,True
07005,2019-07-02 03:00:00+00:00,2019-07-02 06:00:00+00:00,2,3.0,6,True,True,12.0,20.30000000000001,True
07005,2023-02-01 12:00:00+00:00,2023-02-01 15:00:00+00:00,2,3.0,6,True,True,7.300000000000011,8.5,True
07015,2017-11-14 03:00:00+00:00,2017-11-14 06:00:00+00:00,2,3.0,6,True,True,3.900000000000034,6.0,True
07015,2018-10-28 09:00:00+00:00,2018-10-28 12:00:00+00:00,2,3.0,6,True,True,3.300000000000012,7.100000000000023,True
07015,2019-07-02 03:00:00+00:00,2019-07-02 06:00:00+00:00,2,3.0,6,True,True,13.600000000000025,19.80000000000001,True
07015,2023-02-01 12:00:00+00:00,2023-02-01 15:00:00+00:00,2,3.0,6,True,True,6.2000000000000455,8.0,True
07020,2017-11-14 03:00:00+00:00,2017-11-14 06:00:00+00:00,2,3.0,6,True,True,10.100000000000025,12.200000000000044,True
07020,2018-10-28 09:00:00+00:00,2018-10-28 12:00:00+00:00,2,3.0,6,True,True,9.366762839981703,10.616638074014691,True
07020,2019-07-02 03:00:00+00:00,2019-07-02 06:00:00+00:00,2,3.0,6,True,True,15.200000000000044,16.5,True
07020,2023-02-01 12:00:00+00:00,2023-02-01 15:00:00+00:00,2,3.0,6,True,True,9.900000000000034,9.900000000000034,True
07027,2017-11-14 03:00:00+00:00,2017-11-14 06:00:00+00:00,2,3.0,6,True,True,5.100000000000023,7.2000000000000455,True
07027,2018-10-28 09:00:00+00:00,2018-10-28 12:00:00+00:00,2,3.0,6,True,True,4.600000000000023,8.5,True
07027,2019-07-02 03:00:00+00:00,2019-07-02 06:00:00+00:00,2,3.0,6,True,True,11.300000000000011,19.30000000000001,True
07027,2023-02-01 12:00:00+00:00,2023-02-01 15:00:00+00:00,2,3.0,6,True,True,6.800000000000011,8.400000000000034,True
07037,2017-11-14 03:00:00+00:00,2017-11-14 06:00:00+00:00,2,3.0,6,True,True,0.7000000000000455,3.300000000000012,True
07037,2018-10-28 09:00:00+00:00,2018-10-28 12:00:00+00:00,2,3.0,6,True,True,3.900000000000034,6.7000000000000455,True
07037,2019-07-02 03:00:00+00:00,2019-07-02 06:00:00+00:00,2,3.0,6,True,True,11.100000000000025,19.400000000000038,True
07037,2023-02-01 12:00:00+00:00,2023-02-01 15:00:00+00:00,2,3.0,6,True,True,6.400000000000034,7.800000000000011,True
07072,2017-11-14 03:00:00+00:00,2017-11-14 06:00:00+00:00,2,3.0,6,True,True,1.900000000000034,2.300000000000012,True
07072,2018-10-28 09:00:00+00:00,2018-10-28 12:00:00+00:00,2,3.0,6,True,True,3.900000000000034,7.300000000000011,True
07072,2019-07-02 03:00:00+00:00,2019-07-02 06:00:00+00:00,2,3.0,6,True,True,13.900000000000034,20.5,True
07072,2023-02-01 12:00:00+00:00,2023-02-01 15:00:00+00:00,2,3.0,6,True,True,6.5,7.900000000000034,True
07110,2017-11-14 03:00:00+00:00,2017-11-14 06:00:00+00:00,2,3.0,6,True,True,3.5,5.7000000000000455,True
07110,2018-10-28 09:00:00+00:00,2018-10-28 12:00:00+00:00,2,3.0,6,True,True,6.400000000000034,7.900000000000034,True
07110,2019-07-02 03:00:00+00:00,2019-07-02 06:00:00+00:00,2,3.0,6,True,True,12.900000000000034,18.0,True
07110,2023-02-01 12:00:00+00:00,2023-02-01 15:00:00+00:00,2,3.0,6,True,True,7.5,8.300000000000011,True
07117,2017-11-14 03:00:00+00:00,2017-11-14 06:00:00+00:00,2,3.0,6,True,True,6.900000000000034,8.700000000000045,True
07117,2018-10-28 09:00:00+00:00,2018-10-28 12:00:00+00:00,2,3.0,6,True,True,9.5,10.700000000000044,True
07117,2019-07-02 03:00:00+00:00,2019-07-02 06:00:00+00:00,2,3.0,6,True,True,13.700000000000044,17.5,True
07117,2023-02-01 12:00:00+00:00,2023-02-01 15:00:00+00:00,2,3.0,6,True,True,9.800000000000011,9.700000000000044,True
07130,2017-11-14 03:00:00+00:00,2017-11-14 06:00:00+00:00,2,3.0,6,True,True,3.0,2.800000000000012,True
07130,2018-10-28 09:00:00+00:00,2018-10-28 12:00:00+00:00,2,3.0,6,True,True,4.7000000000000455,9.0,True
07130,2019-07-02 03:00:00+00:00,2019-07-02 06:00:00+00:00,2,3.0,6,True,True,11.200000000000044,20.0,True
07130,2023-02-01 12:00:00+00:00,2023-02-01 15:00:00+00:00,2,3.0,6,True,True,8.0,8.700000000000045,True
07139,2017-11-14 03:00:00+00:00,2017-11-14 06:00:00+00:00,2,3.0,6,True,True,1.8000000000000114,2.900000000000034,True
07139,2018-10-28 09:00:00+00:00,2018-10-28 12:00:00+00:00,2,3.0,6,True,True,3.8000000000000114,7.2000000000000455,True
07139,2019-07-02 03:00:00+00:00,2019-07-02 06:00:00+00:00,2,3.0,6,True,True,10.600000000000025,20.400000000000038,True
07139,2023-02-01 12:00:00+00:00,2023-02-01 15:00:00+00:00,2,3.0,6,True,True,7.100000000000023,7.800000000000011,True
07149,2017-11-14 03:00:00+00:00,2017-11-14 06:00:00+00:00,2,3.0,6,True,True,4.100000000000023,5.300000000000011,True
07149,2018-10-28 09:00:00+00:00,2018-10-28 12:00:00+00:00,2,3.0,6,True,True,4.800000000000011,6.800000000000011,True
07149,2019-07-02 03:00:00+00:00,2019-07-02 06:00:00+00:00,2,3.0,6,True,True,15.800000000000011,21.0,True
07149,2023-02-01 12:00:00+00:00,2023-02-01 15:00:00+00:00,2,3.0,6,True,True,7.2000000000000455,8.400000000000034,True
07168,2017-11-14 03:00:00+00:00,2017-11-14 06:00:00+00:00,2,3.0,6,True,True,2.0,2.700000000000045,True
07168,2018-10-28 09:00:00+00:00,2018-10-28 12:00:00+00:00,2,3.0,6,True,True,3.6000000000000227,7.400000000000034,True
07168,2019-07-02 03:00:00+00:00,2019-07-02 06:00:00+00:00,2,3.0,6,True,True,13.600000000000025,22.100000000000023,True
07168,2023-02-01 12:00:00+00:00,2023-02-01 15:00:00+00:00,2,3.0,6,True,True,6.600000000000023,7.300000000000011,True
07181,2017-11-14 03:00:00+00:00,2017-11-14 06:00:00+00:00,2,3.0,6,True,True,1.6000000000000227,0.8000000000000114,True
07181,2018-10-28 09:00:00+00:00,2018-10-28 12:00:00+00:00,2,3.0,6,True,True,4.600000000000023,5.5,True
07181,2019-07-02 03:00:00+00:00,2019-07-02 06:00:00+00:00,2,3.0,6,True,True,15.700000000000044,21.80000000000001,True
07181,2023-02-01 12:00:00+00:00,2023-02-01 15:00:00+00:00,2,3.0,6,True,True,4.800000000000011,5.2000000000000455,True
07190,2017-11-14 03:00:00+00:00,2017-11-14 06:00:00+00:00,2,3.0,6,True,True,0.6000000000000227,0.3000000000000113,True
07190,2018-10-28 09:00:00+00:00,2018-10-28 12:00:00+00:00,2,3.0,6,True,True,5.900000000000034,4.7000000000000455,True
07190,2019-07-02 03:00:00+00:00,2019-07-02 06:00:00+00:00,2,3.0,6,True,True,19.30000000000001,23.30000000000001,True
07190,2023-02-01 12:00:00+00:00,2023-02-01 15:00:00+00:00,2,3.0,6,True,True,5.900000000000034,6.5,True
07222,2017-11-14 03:00:00+00:00,2017-11-14 06:00:00+00:00,2,3.0,6,True,True,1.1000000000000227,4.0,True
07222,2018-10-28 09:00:00+00:00,2018-10-28 12:00:00+00:00,2,3.0,6,True,True,2.700000000000045,8.900000000000034,True
07222,2019-07-02 03:00:00+00:00,2019-07-02 06:00:00+00:00,2,3.0,6,True,True,14.300000000000011,20.80000000000001,True
07222,2023-02-01 12:00:00+00:00,2023-02-01 15:00:00+00:00,2,3.0,6,True,True,7.5,9.200000000000044,True
07240,2017-11-14 03:00:00+00:00,2017-11-14 06:00:00+00:00,2,3.0,6,True,True,2.700000000000045,3.7000000000000455,True
07240,2018-10-28 09:00:00+00:00,2018-10-28 12:00:00+00:00,2,3.0,6,True,True,4.600000000000023,6.900000000000034,True
07240,2019-07-02 03:00:00+00:00,2019-07-02 06:00:00+00:00,2,3.0,6,True,True,16.80000000000001,21.400000000000038,True
07240,2023-02-01 12:00:00+00:00,2023-02-01 15:00:00+00:00,2,3.0,6,True,True,7.2000000000000455,8.300000000000011,True
07255,2017-11-14 03:00:00+00:00,2017-11-14 06:00:00+00:00,2,3.0,6,True,True,1.8000000000000114,3.0,True
07255,2018-10-28 09:00:00+00:00,2018-10-28 12:00:00+00:00,2,3.0,6,True,True,4.5,6.100000000000023,True
07255,2019-07-02 03:00:00+00:00,2019-07-02 06:00:00+00:00,2,3.0,6,True,True,19.0,22.600000000000023,True
07255,2023-02-01 12:00:00+00:00,2023-02-01 15:00:00+00:00,2,3.0,6,True,True,5.2000000000000455,6.7000000000000455,True
07280,2017-11-14 03:00:00+00:00,2017-11-14 06:00:00+00:00,2,3.0,6,True,True,5.100000000000023,3.400000000000034,True
07280,2018-10-28 09:00:00+00:00,2018-10-28 12:00:00+00:00,2,3.0,6,True,True,6.2000000000000455,7.5,True
07280,2019-07-02 03:00:00+00:00,2019-07-02 06:00:00+00:00,2,3.0,6,True,True,19.700000000000045,24.600000000000023,True
07280,2023-02-01 12:00:00+00:00,2023-02-01 15:00:00+00:00,2,3.0,6,True,True,4.400000000000034,6.0,True
07299,2017-11-14 03:00:00+00:00,2017-11-14 06:00:00+00:00,2,3.0,6,True,True,4.0,3.200000000000045,True
07299,2018-10-28 09:00:00+00:00,2018-10-28 12:00:00+00:00,2,3.0,6,True,True,5.0,5.400000000000034,True
07299,2019-07-02 03:00:00+00:00,2019-07-02 06:00:00+00:00,2,3.0,6,True,True,22.0,23.0,True
07299,2023-02-01 12:00:00+00:00,2023-02-01 15:00:00+00:00,2,3.0,6,True,True,5.100000000000023,5.900000000000034,True
07314,2017-11-14 03:00:00+00:00,2017-11-14 06:00:00+00:00,2,3.0,6,True,True,8.800000000000011,8.0,True
07314,2018-10-28 09:00:00+00:00,2018-10-28 12:00:00+00:00,2,3.0,6,True,True,5.600000000000023,8.600000000000023,True
07314,2019-07-02 03:00:00+00:00,2019-07-02 06:00:00+00:00,2,3.0,6,True,True,19.200000000000045,21.200000000000045,True
07314,2023-02-01 12:00:00+00:00,2023-02-01 15:00:00+00:00,2,3.0,6,True,True,8.5,8.300000000000011,True
07335,2017-11-14 03:00:00+00:00,2017-11-14 06:00:00+00:00,2,3.0,6,True,True,1.3000000000000114,2.700000000000045,True
07335,2018-10-28 09:00:00+00:00,2018-10-28 12:00:00+00:00,2,3.0,6,True,True,3.5,5.2000000000000455,True
07335,2019-07-02 03:00:00+00:00,2019-07-02 06:00:00+00:00,2,3.0,6,True,True,17.80000000000001,21.0,True
07335,2023-02-01 12:00:00+00:00,2023-02-01 15:00:00+00:00,2,3.0,6,True,True,6.600000000000023,7.100000000000023,True
07434,2017-11-14 03:00:00+00:00,2017-11-14 06:00:00+00:00,2,3.0,6,True,True,2.200000000000045,3.1000000000000227,True
07434,2018-10-28 09:00:00+00:00,2018-10-28 12:00:00+00:00,2,3.0,6,True,True,2.0,3.400000000000034,True
07434,2019-07-02 03:00:00+00:00,2019-07-02 06:00:00+00:00,2,3.0,6,True,True,19.900000000000038,21.200000000000045,True
07434,2023-02-01 12:00:00+00:00,2023-02-01 15:00:00+00:00,2,3.0,6,True,True,3.900000000000034,5.100000000000023,True
07460,2017-11-14 03:00:00+00:00,2017-11-14 06:00:00+00:00,2,3.0,6,True,True,4.5,4.5,True
07460,2018-10-28 09:00:00+00:00,2018-10-28 12:00:00+00:00,2,3.0,6,True,True,3.5,5.100000000000023,True
07460,2019-07-02 03:00:00+00:00,2019-07-02 06:00:00+00:00,2,3.0,6,True,True,18.200000000000045,22.62227063294144,True
07460,2023-02-01 12:00:00+00:00,2023-02-01 15:00:00+00:00,2,3.0,6,True,True,5.0,6.300000000000011,True
07471,2017-11-14 03:00:00+00:00,2017-11-14 06:00:00+00:00,2,3.0,6,True,True,1.0,1.900000000000034,True
07471,2018-10-28 09:00:00+00:00,2018-10-28 12:00:00+00:00,2,3.0,6,True,True,0.5,1.0,True
07471,2019-07-02 03:00:00+00:00,2019-07-02 06:00:00+00:00,2,3.0,6,True,True,15.100000000000025,19.80000000000001,True
07471,2023-02-01 12:00:00+00:00,2023-02-01 15:00:00+00:00,2,3.0,6,True,True,1.2000000000000457,1.900000000000034,True
07481,2017-11-14 03:00:00+00:00,2017-11-14 06:00:00+00:00,2,3.0,6,True,True,4.5,4.100000000000023,True
07481,2018-10-28 09:00:00+00:00,2018-10-28 12:00:00+00:00,2,3.0,6,True,True,4.900000000000034,8.200000000000045,True
07481,2019-07-02 03:00:00+00:00,2019-07-02 06:00:00+00:00,2,3.0,6,True,True,21.200000000000045,22.900000000000038,True
07481,2023-02-01 12:00:00+00:00,2023-02-01 15:00:00+00:00,2,3.0,6,True,True,5.300000000000011,6.5,True
07510,2017-11-14 03:00:00+00:00,2017-11-14 06:00:00+00:00,2,3.0,6,True,True,2.300000000000012,5.5,True
07510,2018-10-28 09:00:00+00:00,2018-10-28 12:00:00+00:00,2,3.0,6,True,True,4.100000000000023,5.2000000000000455,True
07510,2019-07-02 03:00:00+00:00,2019-07-02 06:00:00+00:00,2,3.0,6,True,True,19.400000000000038,21.30000000000001,True
07510,2023-02-01 12:00:00+00:00,2023-02-01 15:00:00+00:00,2,3.0,6,True,True,6.2000000000000455,9.200000000000044,True
07535,2017-11-14 03:00:00+00:00,2017-11-14 06:00:00+00:00,2,3.0,6,True,True,2.400000000000034,3.0,True
07535,2018-10-28 09:00:00+00:00,2018-10-28 12:00:00+00:00,2,3.0,6,True,True,4.100000000000023,5.5,True
07535,2019-07-02 03:00:00+00:00,2019-07-02 06:00:00+00:00,2,3.0,6,True,True,20.600000000000023,21.100000000000023,True
07535,2023-02-01 12:00:00+00:00,2023-02-01 15:00:00+00:00,2,3.0,6,True,True,5.300000000000011,7.600000000000023,True
07558,2017-11-14 03:00:00+00:00,2017-11-14 06:00:00+00:00,2,3.0,6,True,True,1.8000000000000114,3.0,True
07558,2018-10-28 09:00:00+00:00,2018-10-28 12:00:00+00:00,2,3.0,6,True,True,2.400000000000034,3.400000000000034,True
07558,2019-07-02 03:00:00+00:00,2019-07-02 06:00:00+00:00,2,3.0,6,True,True,19.5,23.700000000000045,True
07558,2023-02-01 12:00:00+00:00,2023-02-01 15:00:00+00:00,2,3.0,6,True,True,3.1000000000000227,3.7000000000000455,True
07577,2017-11-14 03:00:00+00:00,2017-11-14 06:00:00+00:00,2,3.0,6,True,True,7.900000000000034,7.2000000000000455,True
07577,2018-10-28 09:00:00+00:00,2018-10-28 12:00:00+00:00,2,3.0,6,True,True,7.300000000000011,8.0,True
07577,2019-07-02 03:00:00+00:00,2019-07-02 06:00:00+00:00,2,3.0,6,True,True,23.80000000000001,26.80000000000001,True
07577,2023-02-01 12:00:00+00:00,2023-02-01 15:00:00+00:00,2,3.0,6,True,True,7.600000000000023,9.0,True
07591,2017-11-14 03:00:00+00:00,2017-11-14 06:00:00+00:00,2,3.0,6,True,True,3.1000000000000227,2.700000000000045,True
07591,2018-10-28 09:00:00+00:00,2018-10-28 12:00:00+00:00,2,3.0,6,True,True,6.0,12.5,True
07591,2019-07-02 03:00:00+00:00,2019-07-02 06:00:00+00:00,2,3.0,6,True,True,17.5,24.400000000000038,True
07591,2023-02-01 12:00:00+00:00,2023-02-01 15:00:00+00:00,2,3.0,6,True,True,-1.099999999999966,1.6000000000000227,True
07607,2017-11-14 03:00:00+00:00,2017-11-14 06:00:00+00:00,2,3.0,6,True,True,-0.0999999999999659,2.300000000000012,True
07607,2018-10-28 09:00:00+00:00,2018-10-28 12:00:00+00:00,2,3.0,6,True,True,3.200000000000045,5.100000000000023,True
07607,2019-07-02 03:00:00+00:00,2019-07-02 06:00:00+00:00,2,3.0,6,True,True,18.100000000000023,21.600000000000023,True
07607,2023-02-01 12:00:00+00:00,2023-02-01 15:00:00+00:00,2,3.0,6,True,True,5.400000000000034,4.900000000000034,True
07621,2017-11-14 03:00:00+00:00,2017-11-14 06:00:00+00:00,2,3.0,6,True,True,-0.0999999999999659,4.600000000000023,True
07621,2018-10-28 09:00:00+00:00,2018-10-28 12:00:00+00:00,2,3.0,6,True,True,3.7000000000000455,4.2000000000000455,True
07621,2019-07-02 03:00:00+00:00,2019-07-02 06:00:00+00:00,2,3.0,6,True,True,15.5,17.80000000000001,True
07621,2023-02-01 12:00:00+00:00,2023-02-01 15:00:00+00:00,2,3.0,6,True,True,7.400000000000034,4.800000000000011,True
07627,2017-11-14 03:00:00+00:00,2017-11-14 06:00:00+00:00,2,3.0,6,True,True,4.900000000000034,5.400000000000034,True
07627,2018-10-28 09:00:00+00:00,2018-10-28 12:00:00+00:00,2,3.0,6,True,True,2.900000000000034,3.7000000000000455,True
07627,2019-07-02 03:00:00+00:00,2019-07-02 06:00:00+00:00,2,3.0,6,True,True,17.600000000000023,18.200000000000045,True
07627,2023-02-01 12:00:00+00:00,2023-02-01 15:00:00+00:00,2,3.0,6,True,True,7.300000000000011,4.2000000000000455,True
07630,2017-11-14 03:00:00+00:00,2017-11-14 06:00:00+00:00,2,3.0,6,True,True,4.5,5.900000000000034,True
07630,2018-10-28 09:00:00+00:00,2018-10-28 12:00:00+00:00,2,3.0,6,True,True,5.5,4.800000000000011,True
07630,2019-07-02 03:00:00+00:00,2019-07-02 06:00:00+00:00,2,3.0,6,True,True,20.5,21.700000000000045,True
07630,2023-02-01 12:00:00+00:00,2023-02-01 15:00:00+00:00,2,3.0,6,True,True,7.2000000000000455,6.2000000000000455,True
07643,2017-11-14 03:00:00+00:00,2017-11-14 06:00:00+00:00,2,3.0,6,True,True,8.800000000000011,11.200000000000044,True
07643,2018-10-28 09:00:00+00:00,2018-10-28 12:00:00+00:00,2,3.0,6,True,True,7.700000000000045,9.600000000000025,True
07643,2019-07-02 03:00:00+00:00,2019-07-02 06:00:00+00:00,2,3.0,6,True,True,24.30000000000001,30.30000000000001,True
07643,2023-02-01 12:00:00+00:00,2023-02-01 15:00:00+00:00,2,3.0,6,True,True,6.400000000000034,9.100000000000025,True
07650,2017-11-14 03:00:00+00:00,2017-11-14 06:00:00+00:00,2,3.0,6,True,True,8.100000000000023,8.900000000000034,True
07650,2018-10-28 09:00:00+00:00,2018-10-28 12:00:00+00:00,2,3.0,6,True,True,9.100000000000025,10.600000000000025,True
07650,2019-07-02 03:00:00+00:00,2019-07-02 06:00:00+00:00,2,3.0,6,True,True,23.30000000000001,30.30000000000001,True
07650,2023-02-01 12:00:00+00:00,2023-02-01 15:00:00+00:00,2,3.0,6,True,True,8.300000000000011,9.600000000000025,True
07690,2017-11-14 03:00:00+00:00,2017-11-14 06:00:00+00:00,2,3.0,6,True,True,8.400000000000034,11.400000000000034,True
07690,2018-10-28 09:00:00+00:00,2018-10-28 12:00:00+00:00,2,3.0,6,True,True,14.200000000000044,18.100000000000023,True
07690,2019-07-02 03:00:00+00:00,2019-07-02 06:00:00+00:00,2,3.0,6,True,True,25.600000000000023,31.0,True
07690,2023-02-01 12:00:00+00:00,2023-02-01 15:00:00+00:00,2,3.0,6,True,True,8.0,12.600000000000025,True
07747,2017-11-14 03:00:00+00:00,2017-11-14 06:00:00+00:00,2,3.0,6,True,True,8.900000000000034,9.800000000000011,True
07747,2018-10-28 09:00:00+00:00,2018-10-28 12:00:00+00:00,2,3.0,6,True,True,8.5,8.700000000000045,True
07747,2019-07-02 03:00:00+00:00,2019-07-02 06:00:00+00:00,2,3.0,6,True,True,24.100000000000023,30.400000000000038,True
07747,2023-02-01 12:00:00+00:00,2023-02-01 15:00:00+00:00,2,3.0,6,True,True,11.600000000000025,10.100000000000025,True
07761,2017-11-14 03:00:00+00:00,2017-11-14 06:00:00+00:00,2,3.0,6,True,True,4.400000000000034,12.900000000000034,True
07761,2018-10-28 09:00:00+00:00,2018-10-28 12:00:00+00:00,2,3.0,6,True,True,18.5,21.200000000000045,True
07761,2019-07-02 03:00:00+00:00,2019-07-02 06:00:00+00:00,2,3.0,6,True,True,22.200000000000045,28.400000000000038,True
07761,2023-02-01 12:00:00+00:00,2023-02-01 15:00:00+00:00,2,3.0,6,True,True,9.300000000000011,9.600000000000025,True
07790,2017-11-14 03:00:00+00:00,2017-11-14 06:00:00+00:00,2,3.0,6,True,True,10.900000000000034,11.5,True
07790,2018-10-28 09:00:00+00:00,2018-10-28 12:00:00+00:00,2,3.0,6,True,True,17.30000000000001,21.30000000000001,True
07790,2019-07-02 03:00:00+00:00,2019-07-02 06:00:00+00:00,2,3.0,6,True,True,21.80000000000001,29.900000000000038,True
07790,2023-02-01 12:00:00+00:00,2023-02-01 15:00:00+00:00,2,3.0,6,True,True,8.900000000000034,11.700000000000044,True
07005,2015-12-07 09:00:00+00:00,2015-12-07 09:00:00+00:00,1,0.0,3,True,True,9.900000000000034,11.800000000000011,True
07005,2016-05-15 09:00:00+00:00,2016-05-15 09:00:00+00:00,1,0.0,3,True,True,7.100000000000023,13.200000000000044,True
07005,2016-10-06 09:00:00+00:00,2016-10-06 09:00:00+00:00,1,0.0,3,True,True,4.800000000000011,12.0,True
07005,2017-09-01 00:00:00+00:00,2017-09-01 00:00:00+00:00,1,0.0,3,True,True,13.100000000000025,12.400000000000034,True
07005,2017-11-29 03:00:00+00:00,2017-11-29 03:00:00+00:00,1,0.0,3,True,True,0.6000000000000227,3.900000000000034,True
07005,2017-12-21 06:00:00+00:00,2017-12-21 06:00:00+00:00,1,0.0,3,True,True,8.700000000000045,9.800000000000011,True
07005,2020-04-27 12:00:00+00:00,2020-04-27 12:00:00+00:00,1,0.0,3,True,True,17.700000000000045,20.0,True
07005,2020-12-05 03:00:00+00:00,2020-12-05 03:00:00+00:00,1,0.0,3,True,True,1.6000000000000227,2.300000000000012,True
07005,2021-12-05 00:00:00+00:00,2021-12-05 00:00:00+00:00,1,0.0,3,True,True,4.900000000000034,4.2000000000000455,True
07005,2021-12-06 00:00:00+00:00,2021-12-06 00:00:00+00:00,1,0.0,3,True,True,5.5,3.200000000000045,True
07005,2024-02-05 09:00:00+00:00,2024-02-05 09:00:00+00:00,1,0.0,3,True,True,9.100000000000025,8.5,True
07005,2025-02-20 12:00:00+00:00,2025-02-20 12:00:00+00:00,1,0.0,3,True,True,9.300000000000011,14.5,True
07005,2025-04-14 09:00:00+00:00,2025-04-14 09:00:00+00:00,1,0.0,3,True,True,8.0,16.100000000000023,True
07015,2015-12-07 09:00:00+00:00,2015-12-07 09:00:00+00:00,1,0.0,3,True,True,7.700000000000045,11.800000000000011,True
07015,2016-05-15 09:00:00+00:00,2016-05-15 09:00:00+00:00,1,0.0,3,True,True,6.5,14.200000000000044,True
07015,2017-09-01 00:00:00+00:00,2017-09-01 00:00:00+00:00,1,0.0,3,True,True,13.200000000000044,10.700000000000044,True
07015,2017-11-29 03:00:00+00:00,2017-11-29 03:00:00+00:00,1,0.0,3,True,True,1.1000000000000227,2.700000000000045,True
07015,2017-12-21 06:00:00+00:00,2017-12-21 06:00:00+00:00,1,0.0,3,True,True,8.0,8.900000000000034,True
07015,2020-04-27 12:00:00+00:00,2020-04-27 12:00:00+00:00,1,0.0,3,True,True,17.0,23.200000000000045,True
07015,2020-12-05 03:00:00+00:00,2020-12-05 03:00:00+00:00,1,0.0,3,True,True,1.2000000000000457,3.400000000000034,True
07015,2021-12-05 00:00:00+00:00,2021-12-05 00:00:00+00:00,1,0.0,3,True,True,3.1000000000000227,4.0,True
07015,2021-12-06 00:00:00+00:00,2021-12-06 00:00:00+00:00,1,0.0,3,True,True,4.600000000000023,3.5,True
07015,2024-02-05 09:00:00+00:00,2024-02-05 09:00:00+00:00,1,0.0,3,True,True,9.5,9.300000000000011,True
07015,2025-02-20 12:00:00+00:00,2025-02-20 12:00:00+00:00,1,0.0,3,True,True,8.5,12.400000000000034,True
07015,2025-04-14 09:00:00+00:00,2025-04-14 09:00:00+00:00,1,0.0,3,True,True,8.200000000000045,16.5,True
07020,2015-12-07 09:00:00+00:00,2015-12-07 09:00:00+00:00,1,0.0,3,True,True,12.5,14.400000000000034,True
07020,2016-10-06 09:00:00+00:00,2016-10-06 09:00:00+00:00,1,0.0,3,True,True,12.300000000000011,13.800000000000011,True
07020,2017-09-01 00:00:00+00:00,2017-09-01 00:00:00+00:00,1,0.0,3,True,True,14.300000000000011,14.0,True
07020,2017-11-29 03:00:00+00:00,2017-11-29 03:00:00+00:00,1,0.0,3,True,True,7.600000000000023,7.400000000000034,True
07020,2017-12-21 06:00:00+00:00,2017-12-21 06:00:00+00:00,1,0.0,3,True,True,11.300000000000011,11.5,True
07020,2020-04-27 12:00:00+00:00,2020-04-27 12:00:00+00:00,1,0.0,3,True,True,10.100000000000025,12.200000000000044,True
07020,2020-12-05 03:00:00+00:00,2020-12-05 03:00:00+00:00,1,0.0,3,True,True,8.600000000000023,7.0,True
07020,2021-12-05 00:00:00+00:00,2021-12-05 00:00:00+00:00,1,0.0,3,True,True,8.772800934937234,8.827138003067864,True
07020,2021-12-06 00:00:00+00:00,2021-12-06 00:00:00+00:00,1,0.0,3,True,True,9.100000000000025,8.700000000000045,True
07020,2024-02-05 09:00:00+00:00,2024-02-05 09:00:00+00:00,1,0.0,3,True,True,10.200000000000044,10.0,True
07020,2025-02-20 12:00:00+00:00,2025-02-20 12:00:00+00:00,1,0.0,3,True,True,12.544286490898296,12.400000000000034,True
07020,2025-04-14 09:00:00+00:00,2025-04-14 09:00:00+00:00,1,0.0,3,True,True,8.800000000000011,12.800000000000011,True
07027,2015-12-07 09:00:00+00:00,2015-12-07 09:00:00+00:00,1,0.0,3,True,True,9.5,13.900000000000034,True
07027,2016-10-06 09:00:00+00:00,2016-10-06 09:00:00+00:00,1,0.0,3,True,True,5.5,13.600000000000025,True
07027,2017-09-01 00:00:00+00:00,2017-09-01 00:00:00+00:00,1,0.0,3,True,True,13.700000000000044,12.400000000000034,True
07027,2017-11-29 03:00:00+00:00,2017-11-29 03:00:00+00:00,1,0.0,3,True,True,3.400000000000034,2.800000000000012,True
07027,2017-12-21 06:00:00+00:00,2017-12-21 06:00:00+00:00,1,0.0,3,True,True,9.100000000000025,9.900000000000034,True
07027,2020-04-27 12:00:00+00:00,2020-04-27 12:00:00+00:00,1,0.0,3,True,True,14.300000000000011,14.600000000000025,True
07027,2020-12-05 03:00:00+00:00,2020-12-05 03:00:00+00:00,1,0.0,3,True,True,1.0,1.400000000000034,True
07027,2021-12-05 00:00:00+00:00,2021-12-05 00:00:00+00:00,1,0.0,3,True,True,4.5,5.0,True
07027,2021-12-06 00:00:00+00:00,2021-12-06 00:00:00+00:00,1,0.0,3,True,True,7.300000000000011,5.100000000000023,True
07027,2024-02-05 09:00:00+00:00,2024-02-05 09:00:00+00:00,1,0.0,3,True,True,8.400000000000034,9.200000000000044,True
07027,2025-02-20 12:00:00+00:00,2025-02-20 12:00:00+00:00,1,0.0,3,True,True,12.600000000000025,14.5,True
07027,2025-04-14 09:00:00+00:00,2025-04-14 09:00:00+00:00,1,0.0,3,True,True,7.300000000000011,14.800000000000011,True
07037,2015-12-07 09:00:00+00:00,2015-12-07 09:00:00+00:00,1,0.0,3,True,True,8.700000000000045,11.800000000000011,True
07037,2017-09-01 00:00:00+00:00,2017-09-01 00:00:00+00:00,1,0.0,3,True,True,13.700000000000044,11.800000000000011,True
07037,2017-11-29 03:00:00+00:00,2017-11-29 03:00:00+00:00,1,0.0,3,True,True,-0.3999999999999772,1.8000000000000114,True
07037,2017-12-21 06:00:00+00:00,2017-12-21 06:00:00+00:00,1,0.0,3,True,True,8.5,8.900000000000034,True
07037,2020-04-27 12:00:00+00:00,2020-04-27 12:00:00+00:00,1,0.0,3,True,True,16.700000000000045,22.100000000000023,True
07037,2020-12-05 03:00:00+00:00,2020-12-05 03:00:00+00:00,1,0.0,3,True,True,2.1000000000000227,2.1000000000000227,True
07037,2021-12-05 00:00:00+00:00,2021-12-05 00:00:00+00:00,1,0.0,3,True,True,3.8000000000000114,3.0,True
07037,2021-12-06 00:00:00+00:00,2021-12-06 00:00:00+00:00,1,0.0,3,True,True,5.2000000000000455,4.900000000000034,True
07037,2024-02-05 09:00:00+00:00,2024-02-05 09:00:00+00:00,1,0.0,3,True,True,8.0,7.700000000000045,True
07037,2025-02-20 12:00:00+00:00,2025-02-20 12:00:00+00:00,1,0.0,3,True,True,8.700000000000045,13.600000000000025,True
07037,2025-04-14 09:00:00+00:00,2025-04-14 09:00:00+00:00,1,0.0,3,True,True,8.5,13.800000000000011,True
07072,2015-12-07 09:00:00+00:00,2015-12-07 09:00:00+00:00,1,0.0,3,True,True,4.5,9.700000000000044,True
07072,2016-11-08 09:00:00+00:00,2016-11-08 09:00:00+00:00,1,0.0,3,True,True,2.0,5.300000000000011,True
07072,2017-09-01 00:00:00+00:00,2017-09-01 00:00:00+00:00,1,0.0,3,True,True,13.5,9.900000000000034,True
07072,2017-11-29 03:00:00+00:00,2017-11-29 03:00:00+00:00,1,0.0,3,True,True,3.900000000000034,-0.3999999999999772,True
07072,2017-12-21 06:00:00+00:00,2017-12-21 06:00:00+00:00,1,0.0,3,True,True,7.400000000000034,7.800000000000011,True
07072,2020-04-27 12:00:00+00:00,2020-04-27 12:00:00+00:00,1,0.0,3,True,True,17.700000000000045,22.400000000000038,True
07072,2020-05-18 21:00:00+00:00,2020-05-18 21:00:00+00:00,1,0.0,3,True,True,21.0,10.0,True
07072,2020-12-05 03:00:00+00:00,2020-12-05 03:00:00+00:00,1,0.0,3,True,True,2.800000000000012,3.400000000000034,True
07072,2021-12-05 00:00:00+00:00,2021-12-05 00:00:00+00:00,1,0.0,3,True,True,4.5,4.0,True
07072,2021-12-06 00:00:00+00:00,2021-12-06 00:00:00+00:00,1,0.0,3,True,True,3.5,3.1000000000000227,True
07072,2024-02-05 09:00:00+00:00,2024-02-05 09:00:00+00:00,1,0.0,3,True,True,9.300000000000011,8.5,True
07072,2025-02-20 12:00:00+00:00,2025-02-20 12:00:00+00:00,1,0.0,3,True,True,7.600000000000023,11.700000000000044,True
07072,2025-04-14 09:00:00+00:00,2025-04-14 09:00:00+00:00,1,0.0,3,True,True,5.300000000000011,17.80000000000001,True
07110,2015-12-07 09:00:00+00:00,2015-12-07 09:00:00+00:00,1,0.0,3,True,True,11.800000000000011,13.800000000000011,True
07110,2016-10-06 09:00:00+00:00,2016-10-06 09:00:00+00:00,1,0.0,3,True,True,6.5,15.600000000000025,True
07110,2017-09-01 00:00:00+00:00,2017-09-01 00:00:00+00:00,1,0.0,3,True,True,13.200000000000044,11.0,True
07110,2017-11-29 03:00:00+00:00,2017-11-29 03:00:00+00:00,1,0.0,3,True,True,5.0,3.6000000000000227,True
07110,2017-12-21 06:00:00+00:00,2017-12-21 06:00:00+00:00,1,0.0,3,True,True,9.200000000000044,9.900000000000034,True
07110,2020-04-27 12:00:00+00:00,2020-04-27 12:00:00+00:00,1,0.0,3,True,True,11.700000000000044,14.800000000000011,True
07110,2020-05-18 21:00:00+00:00,2020-05-18 21:00:00+00:00,1,0.0,3,True,True,18.400000000000038,6.800000000000011,True
07110,2020-12-05 03:00:00+00:00,2020-12-05 03:00:00+00:00,1,0.0,3,True,True,4.2000000000000455,7.700000000000045,True
07110,2021-12-05 00:00:00+00:00,2021-12-05 00:00:00+00:00,1,0.0,3,True,True,7.700000000000045,5.100000000000023,True
07110,2021-12-06 00:00:00+00:00,2021-12-06 00:00:00+00:00,1,0.0,3,True,True,6.900000000000034,4.100000000000023,True
07110,2024-02-05 09:00:00+00:00,2024-02-05 09:00:00+00:00,1,0.0,3,True,True,9.0,9.800000000000011,True
07110,2025-02-20 12:00:00+00:00,2025-02-20 12:00:00+00:00,1,0.0,3,True,True,12.300000000000011,12.600000000000025,True
07110,2025-04-14 09:00:00+00:00,2025-04-14 09:00:00+00:00,1,0.0,3,True,True,8.100000000000023,11.600000000000025,True
07117,2015-12-07 09:00:00+00:00,2015-12-07 09:00:00+00:00,1,0.0,3,True,True,12.900000000000034,15.5,True
07117,2016-10-06 09:00:00+00:00,2016-10-06 09:00:00+00:00,1,0.0,3,True,True,11.200000000000044,14.200000000000044,True
07117,2017-09-01 00:00:00+00:00,2017-09-01 00:00:00+00:00,1,0.0,3,True,True,14.5,14.600000000000025,True
07117,2017-11-29 03:00:00+00:00,2017-11-29 03:00:00+00:00,1,0.0,3,True,True,7.300000000000011,7.600000000000023,True
07117,2017-12-21 06:00:00+00:00,2017-12-21 06:00:00+00:00,1,0.0,3,True,True,10.400000000000034,10.0,True
07117,2020-04-27 12:00:00+00:00,2020-04-27 12:00:00+00:00,1,0.0,3,True,True,11.800000000000011,13.200000000000044,True
07117,2020-05-18 21:00:00+00:00,2020-05-18 21:00:00+00:00,1,0.0,3,True,True,15.0,9.700000000000044,True
07117,2020-12-05 03:00:00+00:00,2020-12-05 03:00:00+00:00,1,0.0,3,True,True,4.2000000000000455,8.800000000000011,True
07117,2021-12-05 00:00:00+00:00,2021-12-05 00:00:00+00:00,1,0.0,3,True,True,8.5,8.700000000000045,True
07117,2021-12-06 00:00:00+00:00,2021-12-06 00:00:00+00:00,1,0.0,3,True,True,9.200000000000044,8.200000000000045,True
07117,2024-02-05 09:00:00+00:00,2024-02-05 09:00:00+00:00,1,0.0,3,True,True,7.800000000000011,10.600000000000025,True
07117,2025-02-20 12:00:00+00:00,2025-02-20 12:00:00+00:00,1,0.0,3,True,True,12.95516471702468,12.973604458346738,True
07117,2025-04-14 09:00:00+00:00,2025-04-14 09:00:00+00:00,1,0.0,3,True,True,8.100000000000023,14.300000000000011,True
07130,2015-12-07 09:00:00+00:00,2015-12-07 09:00:00+00:00,1,0.0,3,True,True,9.100000000000025,12.700000000000044,True
07130,2016-10-06 09:00:00+00:00,2016-10-06 09:00:00+00:00,1,0.0,3,True,True,6.400000000000034,15.900000000000034,True
07130,2017-09-01 00:00:00+00:00,2017-09-01 00:00:00+00:00,1,0.0,3,True,True,13.5,13.0,True
07130,2017-11-29 03:00:00+00:00,2017-11-29 03:00:00+00:00,1,0.0,3,True,True,2.1000000000000227,0.3000000000000113,True
07130,2017-12-21 06:00:00+00:00,2017-12-21 06:00:00+00:00,1,0.0,3,True,True,8.300000000000011,8.900000000000034,True
07130,2020-04-27 12:00:00+00:00,2020-04-27 12:00:00+00:00,1,0.0,3,True,True,13.600000000000025,15.900000000000034,True
07130,2020-12-05 03:00:00+00:00,2020-12-05 03:00:00+00:00,1,0.0,3,True,True,0.8000000000000114,3.5,True
07130,2021-12-05 00:00:00+00:00,2021-12-05 00:00:00+00:00,1,0.0,3,True,True,5.5,4.400000000000034,True
07130,2021-12-06 00:00:00+00:00,2021-12-06 00:00:00+00:00,1,0.0,3,True,True,7.700000000000045,7.2000000000000455,True
07130,2024-02-05 09:00:00+00:00,2024-02-05 09:00:00+00:00,1,0.0,3,True,True,8.0,10.400000000000034,True
07130,2025-02-20 12:00:00+00:00,2025-02-20 12:00:00+00:00,1,0.0,3,True,True,12.200000000000044,13.700000000000044,True
07130,2025-04-14 09:00:00+00:00,2025-04-14 09:00:00+00:00,1,0.0,3,True,True,5.100000000000023,14.700000000000044,True
07139,2015-12-07 09:00:00+00:00,2015-12-07 09:00:00+00:00,1,0.0,3,True,True,7.100000000000023,12.800000000000011,True
07139,2017-09-01 00:00:00+00:00,2017-09-01 00:00:00+00:00,1,0.0,3,True,True,13.400000000000034,9.5,True
07139,2017-11-29 03:00:00+00:00,2017-11-29 03:00:00+00:00,1,0.0,3,True,True,0.7000000000000455,1.2000000000000457,True
07139,2017-12-21 06:00:00+00:00,2017-12-21 06:00:00+00:00,1,0.0,3,True,True,7.700000000000045,8.400000000000034,True
07139,2020-04-27 12:00:00+00:00,2020-04-27 12:00:00+00:00,1,0.0,3,True,True,18.900000000000038,16.80000000000001,True
07139,2020-05-18 21:00:00+00:00,2020-05-18 21:00:00+00:00,1,0.0,3,True,True,21.80000000000001,10.5,True
07139,2020-12-05 03:00:00+00:00,2020-12-05 03:00:00+00:00,1,0.0,3,True,True,2.5,0.5,True
07139,2021-12-05 00:00:00+00:00,2021-12-05 00:00:00+00:00,1,0.0,3,True,True,3.7000000000000455,2.0,True
07139,2021-12-06 00:00:00+00:00,2021-12-06 00:00:00+00:00,1,0.0,3,True,True,6.100000000000023,5.300000000000011,True
07139,2024-02-05 09:00:00+00:00,2024-02-05 09:00:00+00:00,1,0.0,3,True,True,7.800000000000011,7.5,True
07139,2025-02-20 12:00:00+00:00,2025-02-20 12:00:00+00:00,1,0.0,3,True,True,8.800000000000011,14.700000000000044,True
07139,2025-04-14 09:00:00+00:00,2025-04-14 09:00:00+00:00,1,0.0,3,True,True,7.600000000000023,14.700000000000044,True
07149,2015-12-07 09:00:00+00:00,2015-12-07 09:00:00+00:00,1,0.0,3,True,True,9.200000000000044,13.300000000000011,True
07149,2017-09-01 00:00:00+00:00,2017-09-01 00:00:00+00:00,1,0.0,3,True,True,13.900000000000034,14.0,True
07149,2017-11-29 03:00:00+00:00,2017-11-29 03:00:00+00:00,1,0.0,3,True,True,0.8000000000000114,0.1000000000000227,True
07149,2017-12-21 06:00:00+00:00,2017-12-21 06:00:00+00:00,1,0.0,3,True,True,8.400000000000034,8.900000000000034,True
07149,2020-04-27 12:00:00+00:00,2020-04-27 12:00:00+00:00,1,0.0,3,True,True,19.900000000000038,22.900000000000038,True
07149,2020-05-18 21:00:00+00:00,2020-05-18 21:00:00+00:00,1,0.0,3,True,True,22.200000000000045,12.800000000000011,True
07149,2020-12-05 03:00:00+00:00,2020-12-05 03:00:00+00:00,1,0.0,3,True,True,2.800000000000012,3.300000000000012,True
07149,2021-12-05 00:00:00+00:00,2021-12-05 00:00:00+00:00,1,0.0,3,True,True,4.100000000000023,3.7000000000000455,True
07149,2021-12-06 00:00:00+00:00,2021-12-06 00:00:00+00:00,1,0.0,3,True,True,6.0,5.2000000000000455,True
07149,2024-02-05 09:00:00+00:00,2024-02-05 09:00:00+00:00,1,0.0,3,True,True,8.700000000000045,8.200000000000045,True
07149,2025-02-20 12:00:00+00:00,2025-02-20 12:00:00+00:00,1,0.0,3,True,True,8.200000000000045,14.100000000000025,True
07149,2025-04-14 09:00:00+00:00,2025-04-14 09:00:00+00:00,1,0.0,3,True,True,7.300000000000011,16.900000000000034,True
07168,2015-12-07 09:00:00+00:00,2015-12-07 09:00:00+00:00,1,0.0,3,True,True,8.600000000000023,14.700000000000044,True
07168,2016-11-08 09:00:00+00:00,2016-11-08 09:00:00+00:00,1,0.0,3,True,True,2.900000000000034,4.900000000000034,True
07168,2017-09-01 00:00:00+00:00,2017-09-01 00:00:00+00:00,1,0.0,3,True,True,12.100000000000025,10.100000000000025,True
07168,2017-11-29 03:00:00+00:00,2017-11-29 03:00:00+00:00,1,0.0,3,True,True,4.2000000000000455,2.1000000000000227,True
07168,2017-12-21 06:00:00+00:00,2017-12-21 06:00:00+00:00,1,0.0,3,True,True,7.100000000000023,8.100000000000023,True
07168,2020-04-27 12:00:00+00:00,2020-04-27 12:00:00+00:00,1,0.0,3,True,True,19.200000000000045,24.5,True
07168,2020-05-18 21:00:00+00:00,2020-05-18 21:00:00+00:00,1,0.0,3,True,True,21.600000000000023,11.0,True
07168,2020-12-05 03:00:00+00:00,2020-12-05 03:00:00+00:00,1,0.0,3,True,True,4.0,1.900000000000034,True
07168,2021-12-05 00:00:00+00:00,2021-12-05 00:00:00+00:00,1,0.0,3,True,True,4.5,4.400000000000034,True
07168,2021-12-06 00:00:00+00:00,2021-12-06 00:00:00+00:00,1,0.0,3,True,True,2.900000000000034,3.6000000000000227,True
07168,2024-02-05 09:00:00+00:00,2024-02-05 09:00:00+00:00,1,0.0,3,True,True,7.5,8.0,True
07168,2025-02-20 12:00:00+00:00,2025-02-20 12:00:00+00:00,1,0.0,3,True,True,9.400000000000034,12.5,True
07168,2025-04-14 09:00:00+00:00,2025-04-14 09:00:00+00:00,1,0.0,3,True,True,5.7000000000000455,19.0,True
07181,2015-12-07 09:00:00+00:00,2015-12-07 09:00:00+00:00,1,0.0,3,True,True,9.100000000000025,13.700000000000044,True
07181,2016-11-08 09:00:00+00:00,2016-11-08 09:00:00+00:00,1,0.0,3,True,True,0.9000000000000341,3.5,True
07181,2017-09-01 00:00:00+00:00,2017-09-01 00:00:00+00:00,1,0.0,3,True,True,12.100000000000025,8.600000000000023,True
07181,2017-11-29 03:00:00+00:00,2017-11-29 03:00:00+00:00,1,0.0,3,True,True,3.1000000000000227,2.1000000000000227,True
07181,2017-12-21 06:00:00+00:00,2017-12-21 06:00:00+00:00,1,0.0,3,True,True,4.900000000000034,5.7000000000000455,True
07181,2020-04-27 12:00:00+00:00,2020-04-27 12:00:00+00:00,1,0.0,3,True,True,17.80000000000001,22.900000000000038,True
07181,2020-12-05 03:00:00+00:00,2020-12-05 03:00:00+00:00,1,0.0,3,True,True,3.200000000000045,1.8000000000000114,True
07181,2021-12-05 00:00:00+00:00,2021-12-05 00:00:00+00:00,1,0.0,3,True,True,3.879544958897752,3.0,True
07181,2021-12-06 00:00:00+00:00,2021-12-06 00:00:00+00:00,1,0.0,3,True,True,1.2000000000000457,0.1000000000000227,True
07181,2024-02-05 09:00:00+00:00,2024-02-05 09:00:00+00:00,1,0.0,3,True,True,6.0,6.5,True
07181,2025-02-20 12:00:00+00:00,2025-02-20 12:00:00+00:00,1,0.0,3,True,True,8.400000000000034,14.600000000000025,True
07181,2025-04-14 09:00:00+00:00,2025-04-14 09:00:00+00:00,1,0.0,3,True,True,8.800000000000011,18.100000000000023,True
07190,2015-12-07 09:00:00+00:00,2015-12-07 09:00:00+00:00,1,0.0,3,True,True,6.5,14.100000000000025,True
07190,2016-11-08 09:00:00+00:00,2016-11-08 09:00:00+00:00,1,0.0,3,True,True,-1.099999999999966,2.700000000000045,True
07190,2017-09-01 00:00:00+00:00,2017-09-01 00:00:00+00:00,1,0.0,3,True,True,14.700000000000044,10.900000000000034,True
07190,2017-11-29 03:00:00+00:00,2017-11-29 03:00:00+00:00,1,0.0,3,True,True,1.7000000000000457,2.1000000000000227,True
07190,2017-12-21 06:00:00+00:00,2017-12-21 06:00:00+00:00,1,0.0,3,True,True,4.0,4.5,True
07190,2020-04-27 12:00:00+00:00,2020-04-27 12:00:00+00:00,1,0.0,3,True,True,18.700000000000045,23.80000000000001,True
07190,2020-12-05 03:00:00+00:00,2020-12-05 03:00:00+00:00,1,0.0,3,True,True,3.400000000000034,2.200000000000045,True
07190,2021-12-05 00:00:00+00:00,2021-12-05 00:00:00+00:00,1,0.0,3,True,True,5.5,3.400000000000034,True
07190,2021-12-06 00:00:00+00:00,2021-12-06 00:00:00+00:00,1,0.0,3,True,True,0.0,1.2000000000000457,True
07190,2024-02-05 09:00:00+00:00,2024-02-05 09:00:00+00:00,1,0.0,3,True,True,7.0,10.700000000000044,True
07190,2025-02-20 12:00:00+00:00,2025-02-20 12:00:00+00:00,1,0.0,3,True,True,4.100000000000023,15.0,True
07190,2025-04-14 09:00:00+00:00,2025-04-14 09:00:00+00:00,1,0.0,3,True,True,11.200000000000044,20.600000000000023,True
07222,2015-12-07 09:00:00+00:00,2015-12-07 09:00:00+00:00,1,0.0,3,True,True,7.600000000000023,13.5,True
07222,2016-06-23 09:00:00+00:00,2016-06-23 09:00:00+00:00,1,0.0,3,True,True,19.100000000000023,25.30000000000001,True
07222,2016-10-06 09:00:00+00:00,2016-10-06 09:00:00+00:00,1,0.0,3,True,True,7.300000000000011,14.200000000000044,True
07222,2017-09-01 00:00:00+00:00,2017-09-01 00:00:00+00:00,1,0.0,3,True,True,14.100000000000025,11.900000000000034,True
07222,2017-11-29 03:00:00+00:00,2017-11-29 03:00:00+00:00,1,0.0,3,True,True,2.400000000000034,-1.6999999999999886,True
07222,2017-12-21 06:00:00+00:00,2017-12-21 06:00:00+00:00,1,0.0,3,True,True,7.600000000000023,8.5,True
07222,2020-04-27 12:00:00+00:00,2020-04-27 12:00:00+00:00,1,0.0,3,True,True,16.30000000000001,17.400000000000034,True
07222,2020-12-05 03:00:00+00:00,2020-12-05 03:00:00+00:00,1,0.0,3,True,True,-0.5999999999999659,1.7000000000000457,True
07222,2021-12-05 00:00:00+00:00,2021-12-05 00:00:00+00:00,1,0.0,3,True,True,5.7000000000000455,5.300000000000011,True
07222,2021-12-06 00:00:00+00:00,2021-12-06 00:00:00+00:00,1,0.0,3,True,True,7.400000000000034,6.100000000000023,True
07222,2024-02-05 09:00:00+00:00,2024-02-05 09:00:00+00:00,1,0.0,3,True,True,8.200000000000045,8.200000000000045,True
07222,2025-02-20 12:00:00+00:00,2025-02-20 12:00:00+00:00,1,0.0,3,True,True,10.600000000000025,15.800000000000011,True
07222,2025-04-14 09:00:00+00:00,2025-04-14 09:00:00+00:00,1,0.0,3,True,True,8.700000000000045,15.100000000000025,True
07240,2015-12-07 09:00:00+00:00,2015-12-07 09:00:00+00:00,1,0.0,3,True,True,7.5,14.5,True
07240,2016-10-06 09:00:00+00:00,2016-10-06 09:00:00+00:00,1,0.0,3,True,True,5.2000000000000455,14.600000000000025,True
07240,2017-09-01 00:00:00+00:00,2017-09-01 00:00:00+00:00,1,0.0,3,True,True,16.200000000000045,11.700000000000044,True
07240,2017-11-29 03:00:00+00:00,2017-11-29 03:00:00+00:00,1,0.0,3,True,True,2.900000000000034,-0.5,True
07240,2017-12-21 06:00:00+00:00,2017-12-21 06:00:00+00:00,1,0.0,3,True,True,7.100000000000023,7.600000000000023,True
07240,2020-04-27 12:00:00+00:00,2020-04-27 12:00:00+00:00,1,0.0,3,True,True,19.900000000000038,14.900000000000034,True
07240,2020-12-05 03:00:00+00:00,2020-12-05 03:00:00+00:00,1,0.0,3,True,True,1.5,1.900000000000034,True
07240,2021-12-05 00:00:00+00:00,2021-12-05 00:00:00+00:00,1,0.0,3,True,True,4.100000000000023,3.300000000000012,True
07240,2021-12-06 00:00:00+00:00,2021-12-06 00:00:00+00:00,1,0.0,3,True,True,6.2000000000000455,5.400000000000034,True
07240,2024-02-05 09:00:00+00:00,2024-02-05 09:00:00+00:00,1,0.0,3,True,True,7.2000000000000455,7.0,True
07240,2025-02-20 12:00:00+00:00,2025-02-20 12:00:00+00:00,1,0.0,3,True,True,11.300000000000011,14.800000000000011,True
07240,2025-04-14 09:00:00+00:00,2025-04-14 09:00:00+00:00,1,0.0,3,True,True,7.700000000000045,16.80000000000001,True
07255,2015-12-07 09:00:00+00:00,2015-12-07 09:00:00+00:00,1,0.0,3,True,True,5.400000000000034,12.400000000000034,True
07255,2017-09-01 00:00:00+00:00,2017-09-01 00:00:00+00:00,1,0.0,3,True,True,15.200000000000044,10.300000000000011,True
07255,2017-11-29 03:00:00+00:00,2017-11-29 03:00:00+00:00,1,0.0,3,True,True,3.8000000000000114,1.900000000000034,True
07255,2017-12-21 06:00:00+00:00,2017-12-21 06:00:00+00:00,1,0.0,3,True,True,6.0,7.0,True
07255,2020-04-27 12:00:00+00:00,2020-04-27 12:00:00+00:00,1,0.0,3,True,True,20.0,15.900000000000034,True
07255,2020-12-05 03:00:00+00:00,2020-12-05 03:00:00+00:00,1,0.0,3,True,True,1.0,3.200000000000045,True
07255,2021-12-05 00:00:00+00:00,2021-12-05 00:00:00+00:00,1,0.0,3,True,True,3.900000000000034,3.8000000000000114,True
07255,2021-12-06 00:00:00+00:00,2021-12-06 00:00:00+00:00,1,0.0,3,True,True,4.900000000000034,4.900000000000034,True
07255,2024-02-05 09:00:00+00:00,2024-02-05 09:00:00+00:00,1,0.0,3,True,True,6.7000000000000455,6.600000000000023,True
07255,2025-02-20 12:00:00+00:00,2025-02-20 12:00:00+00:00,1,0.0,3,True,True,6.900000000000034,17.900000000000034,True
07255,2025-04-14 09:00:00+00:00,2025-04-14 09:00:00+00:00,1,0.0,3,True,True,4.900000000000034,18.5,True
07280,2015-12-07 09:00:00+00:00,2015-12-07 09:00:00+00:00,1,0.0,3,True,True,7.100000000000023,12.400000000000034,True
07280,2016-11-08 09:00:00+00:00,2016-11-08 09:00:00+00:00,1,0.0,3,True,True,2.700000000000045,5.300000000000011,True
07280,2017-09-01 00:00:00+00:00,2017-09-01 00:00:00+00:00,1,0.0,3,True,True,12.0,9.200000000000044,True
07280,2017-11-29 03:00:00+00:00,2017-11-29 03:00:00+00:00,1,0.0,3,True,True,2.5,1.8000000000000114,True
07280,2017-12-21 06:00:00+00:00,2017-12-21 06:00:00+00:00,1,0.0,3,True,True,4.600000000000023,5.600000000000023,True
07280,2020-04-27 12:00:00+00:00,2020-04-27 12:00:00+00:00,1,0.0,3,True,True,15.700000000000044,23.5,True
07280,2020-12-05 03:00:00+00:00,2020-12-05 03:00:00+00:00,1,0.0,3,True,True,3.400000000000034,3.1000000000000227,True
07280,2021-12-05 00:00:00+00:00,2021-12-05 00:00:00+00:00,1,0.0,3,True,True,3.1000000000000227,3.200000000000045,True
07280,2021-12-06 00:00:00+00:00,2021-12-06 00:00:00+00:00,1,0.0,3,True,True,2.5,1.6000000000000227,True
07280,2024-02-05 09:00:00+00:00,2024-02-05 09:00:00+00:00,1,0.0,3,True,True,6.548601182809558,6.100000000000023,True
07280,2025-02-20 12:00:00+00:00,2025-02-20 12:00:00+00:00,1,0.0,3,True,True,9.200000000000044,16.30000000000001,True
07280,2025-04-14 09:00:00+00:00,2025-04-14 09:00:00+00:00,1,0.0,3,True,True,11.100000000000025,17.100000000000023,True
07299,2015-12-07 09:00:00+00:00,2015-12-07 09:00:00+00:00,1,0.0,3,True,True,4.300000000000011,11.400000000000034,True
07299,2016-11-08 09:00:00+00:00,2016-11-08 09:00:00+00:00,1,0.0,3,True,True,-0.8999999999999773,3.6000000000000227,True
07299,2017-09-01 00:00:00+00:00,2017-09-01 00:00:00+00:00,1,0.0,3,True,True,14.0,13.700000000000044,True
07299,2017-11-29 03:00:00+00:00,2017-11-29 03:00:00+00:00,1,0.0,3,True,True,2.800000000000012,2.200000000000045,True
07299,2017-12-21 06:00:00+00:00,2017-12-21 06:00:00+00:00,1,0.0,3,True,True,0.8000000000000114,4.400000000000034,True
07299,2020-04-27 12:00:00+00:00,2020-04-27 12:00:00+00:00,1,0.0,3,True,True,18.900000000000038,22.5,True
07299,2020-12-05 03:00:00+00:00,2020-12-05 03:00:00+00:00,1,0.0,3,True,True,1.900000000000034,1.0,True
07299,2021-12-05 00:00:00+00:00,2021-12-05 00:00:00+00:00,1,0.0,3,True,True,3.7000000000000455,3.7000000000000455,True
07299,2021-12-06 00:00:00+00:00,2021-12-06 00:00:00+00:00,1,0.0,3,True,True,1.3000000000000114,1.7000000000000457,True
07299,2024-02-05 09:00:00+00:00,2024-02-05 09:00:00+00:00,1,0.0,3,True,True,5.400000000000034,8.700000000000045,True
07299,2025-02-20 12:00:00+00:00,2025-02-20 12:00:00+00:00,1,0.0,3,True,True,4.400000000000034,13.700000000000044,True
07299,2025-04-14 09:00:00+00:00,2025-04-14 09:00:00+00:00,1,0.0,3,True,True,12.300000000000011,19.0,True
07314,2015-12-07 09:00:00+00:00,2015-12-07 09:00:00+00:00,1,0.0,3,True,True,8.5,15.100000000000025,True
07314,2016-06-23 09:00:00+00:00,2016-06-23 09:00:00+00:00,1,0.0,3,True,True,20.5,20.900000000000038,True
07314,2016-10-06 09:00:00+00:00,2016-10-06 09:00:00+00:00,1,0.0,3,True,True,12.900000000000034,14.200000000000044,True
07314,2017-09-01 00:00:00+00:00,2017-09-01 00:00:00+00:00,1,0.0,3,True,True,17.80000000000001,18.100000000000023,True
07314,2017-11-29 03:00:00+00:00,2017-11-29 03:00:00+00:00,1,0.0,3,True,True,8.5,5.800000000000011,True
07314,2017-12-21 06:00:00+00:00,2017-12-21 06:00:00+00:00,1,0.0,3,True,True,8.800000000000011,9.600000000000025,True
07314,2020-04-27 12:00:00+00:00,2020-04-27 12:00:00+00:00,1,0.0,3,True,True,14.900000000000034,14.300000000000011,True
07314,2020-12-05 03:00:00+00:00,2020-12-05 03:00:00+00:00,1,0.0,3,True,True,4.600000000000023,6.483180806652605,True
07314,2021-12-05 00:00:00+00:00,2021-12-05 00:00:00+00:00,1,0.0,3,True,True,10.300000000000011,9.900000000000034,True
07314,2021-12-06 00:00:00+00:00,2021-12-06 00:00:00+00:00,1,0.0,3,True,True,9.900000000000034,9.900000000000034,True
07314,2024-02-05 09:00:00+00:00,2024-02-05 09:00:00+00:00,1,0.0,3,True,True,7.5,8.200000000000045,True
07314,2025-02-20 12:00:00+00:00,2025-02-20 12:00:00+00:00,1,0.0,3,True,True,10.900000000000034,13.5,True
07314,2025-04-14 09:00:00+00:00,2025-04-14 09:00:00+00:00,1,0.0,3,True,True,9.100000000000025,13.200000000000044,True
07335,2015-12-07 09:00:00+00:00,2015-12-07 09:00:00+00:00,1,0.0,3,True,True,6.600000000000023,14.900000000000034,True
07335,2016-06-23 09:00:00+00:00,2016-06-23 09:00:00+00:00,1,0.0,3,True,True,21.5,28.900000000000038,True
07335,2016-10-06 09:00:00+00:00,2016-10-06 09:00:00+00:00,1,0.0,3,True,True,5.400000000000034,13.700000000000044,True
07335,2017-09-01 00:00:00+00:00,2017-09-01 00:00:00+00:00,1,0.0,3,True,True,14.900000000000034,8.700000000000045,True
07335,2017-11-29 03:00:00+00:00,2017-11-29 03:00:00+00:00,1,0.0,3,True,True,4.300000000000011,1.6000000000000227,True
07335,2017-12-21 06:00:00+00:00,2017-12-21 06:00:00+00:00,1,0.0,3,True,True,6.5,7.300000000000011,True
07335,2020-04-27 12:00:00+00:00,2020-04-27 12:00:00+00:00,1,0.0,3,True,True,19.30000000000001,20.0,True
07335,2020-12-05 03:00:00+00:00,2020-12-05 03:00:00+00:00,1,0.0,3,True,True,2.1000000000000227,2.300000000000012,True
07335,2021-12-05 00:00:00+00:00,2021-12-05 00:00:00+00:00,1,0.0,3,True,True,4.400000000000034,3.900000000000034,True
07335,2021-12-06 00:00:00+00:00,2021-12-06 00:00:00+00:00,1,0.0,3,True,True,6.0,5.800000000000011,True
07335,2024-02-05 09:00:00+00:00,2024-02-05 09:00:00+00:00,1,0.0,3,True,True,6.2000000000000455,6.0,True
07335,2025-02-20 12:00:00+00:00,2025-02-20 12:00:00+00:00,1,0.0,3,True,True,11.5,17.0,True
07335,2025-04-14 09:00:00+00:00,2025-04-14 09:00:00+00:00,1,0.0,3,True,True,7.100000000000023,14.900000000000034,True
07434,2015-12-07 09:00:00+00:00,2015-12-07 09:00:00+00:00,1,0.0,3,True,True,9.0,14.400000000000034,True
07434,2016-06-23 09:00:00+00:00,2016-06-23 09:00:00+00:00,1,0.0,3,True,True,23.0,28.700000000000045,True
07434,2016-10-06 09:00:00+00:00,2016-10-06 09:00:00+00:00,1,0.0,3,True,True,5.600000000000023,13.300000000000011,True
07434,2017-09-01 00:00:00+00:00,2017-09-01 00:00:00+00:00,1,0.0,3,True,True,13.800000000000011,8.392531377365819,True
07434,2017-11-29 03:00:00+00:00,2017-11-29 03:00:00+00:00,1,0.0,3,True,True,2.6000000000000227,1.5,True
07434,2017-12-21 06:00:00+00:00,2017-12-21 06:00:00+00:00,1,0.0,3,True,True,4.400000000000034,5.100000000000023,True
07434,2020-04-27 12:00:00+00:00,2020-04-27 12:00:00+00:00,1,0.0,3,True,True,16.600000000000023,16.5,True
07434,2020-12-05 03:00:00+00:00,2020-12-05 03:00:00+00:00,1,0.0,3,True,True,1.6000000000000227,2.300000000000012,True
07434,2021-12-05 00:00:00+00:00,2021-12-05 00:00:00+00:00,1,0.0,3,True,True,3.0,3.1000000000000227,True
07434,2021-12-06 00:00:00+00:00,2021-12-06 00:00:00+00:00,1,0.0,3,True,True,3.6000000000000227,3.400000000000034,True
07434,2024-02-05 09:00:00+00:00,2024-02-05 09:00:00+00:00,1,0.0,3,True,True,1.8000000000000114,2.800000000000012,True
07434,2025-02-20 12:00:00+00:00,2025-02-20 12:00:00+00:00,1,0.0,3,True,True,9.900000000000034,16.100000000000023,True
07434,2025-04-14 09:00:00+00:00,2025-04-14 09:00:00+00:00,1,0.0,3,True,True,7.0,18.200000000000045,True
07460,2015-12-07 09:00:00+00:00,2015-12-07 09:00:00+00:00,1,0.0,3,True,True,4.400000000000034,15.100000000000025,True
07460,2017-09-01 00:00:00+00:00,2017-09-01 00:00:00+00:00,1,0.0,3,True,True,14.600000000000025,8.900000000000034,True
07460,2017-11-29 03:00:00+00:00,2017-11-29 03:00:00+00:00,1,0.0,3,True,True,3.6000000000000227,2.200000000000045,True
07460,2017-12-21 06:00:00+00:00,2017-12-21 06:00:00+00:00,1,0.0,3,True,True,5.100000000000023,5.900000000000034,True
07460,2020-04-27 12:00:00+00:00,2020-04-27 12:00:00+00:00,1,0.0,3,True,True,18.900000000000038,16.400000000000034,True
07460,2020-12-05 03:00:00+00:00,2020-12-05 03:00:00+00:00,1,0.0,3,True,True,0.2000000000000454,-0.7999999999999545,True
07460,2021-12-05 00:00:00+00:00,2021-12-05 00:00:00+00:00,1,0.0,3,True,True,6.2000000000000455,4.900000000000034,True
07460,2021-12-06 00:00:00+00:00,2021-12-06 00:00:00+00:00,1,0.0,3,True,True,4.2000000000000455,4.5,True
07460,2024-02-05 09:00:00+00:00,2024-02-05 09:00:00+00:00,1,0.0,3,True,True,1.1000000000000227,4.400000000000034,True
07460,2025-02-20 12:00:00+00:00,2025-02-20 12:00:00+00:00,1,0.0,3,True,True,10.0,19.100000000000023,True
07460,2025-04-14 09:00:00+00:00,2025-04-14 09:00:00+00:00,1,0.0,3,True,True,8.900000000000034,20.0,True
07471,2015-12-07 09:00:00+00:00,2015-12-07 09:00:00+00:00,1,0.0,3,True,True,5.5,9.400000000000034,True
07471,2017-09-01 00:00:00+00:00,2017-09-01 00:00:00+00:00,1,0.0,3,True,True,10.5,7.5,True
07471,2017-11-29 03:00:00+00:00,2017-11-29 03:00:00+00:00,1,0.0,3,True,True,1.0,0.2000000000000454,True
07471,2017-12-21 06:00:00+00:00,2017-12-21 06:00:00+00:00,1,0.0,3,True,True,2.300000000000012,2.900000000000034,True
07471,2020-04-27 12:00:00+00:00,2020-04-27 12:00:00+00:00,1,0.0,3,True,True,15.300000000000011,15.400000000000034,True
07471,2020-12-05 03:00:00+00:00,2020-12-05 03:00:00+00:00,1,0.0,3,True,True,-2.0041782710512086,-5.399999999999977,True
07471,2021-12-05 00:00:00+00:00,2021-12-05 00:00:00+00:00,1,0.0,3,True,True,1.6000000000000227,-1.0,True
07471,2021-12-06 00:00:00+00:00,2021-12-06 00:00:00+00:00,1,0.0,3,True,True,0.1000000000000227,0.7000000000000455,True
07471,2024-02-05 09:00:00+00:00,2024-02-05 09:00:00+00:00,1,0.0,3,True,True,-2.8999999999999773,12.5,True
07471,2025-02-20 12:00:00+00:00,2025-02-20 12:00:00+00:00,1,0.0,3,True,True,7.2000000000000455,14.700000000000044,True
07471,2025-04-14 09:00:00+00:00,2025-04-14 09:00:00+00:00,1,0.0,3,True,True,7.600000000000023,15.0,True
07471,2025-06-03 03:00:00+00:00,2025-06-03 03:00:00+00:00,1,0.0,3,True,True,10.800000000000011,12.300000000000011,True
07481,2015-12-07 09:00:00+00:00,2015-12-07 09:00:00+00:00,1,0.0,3,True,True,7.800000000000011,15.300000000000011,True
07481,2017-09-01 00:00:00+00:00,2017-09-01 00:00:00+00:00,1,0.0,3,True,True,15.100000000000025,12.700000000000044,True
07481,2017-11-29 03:00:00+00:00,2017-11-29 03:00:00+00:00,1,0.0,3,True,True,4.7000000000000455,3.400000000000034,True
07481,2017-12-21 06:00:00+00:00,2017-12-21 06:00:00+00:00,1,0.0,3,True,True,4.400000000000034,4.2000000000000455,True
07481,2020-04-27 12:00:00+00:00,2020-04-27 12:00:00+00:00,1,0.0,3,True,True,18.400000000000038,21.30000000000001,True
07481,2020-12-05 03:00:00+00:00,2020-12-05 03:00:00+00:00,1,0.0,3,True,True,3.400000000000034,2.700000000000045,True
07481,2021-12-05 00:00:00+00:00,2021-12-05 00:00:00+00:00,1,0.0,3,True,True,6.0,3.900000000000034,True
07481,2021-12-06 00:00:00+00:00,2021-12-06 00:00:00+00:00,1,0.0,3,True,True,3.0,2.900000000000034,True
07481,2024-02-05 09:00:00+00:00,2024-02-05 09:00:00+00:00,1,0.0,3,True,True,4.0,4.800000000000011,True
07481,2025-02-20 12:00:00+00:00,2025-02-20 12:00:00+00:00,1,0.0,3,True,True,10.900000000000034,17.100000000000023,True
07481,2025-04-14 09:00:00+00:00,2025-04-14 09:00:00+00:00,1,0.0,3,True,True,11.900000000000034,17.80000000000001,True
07510,2015-12-07 09:00:00+00:00,2015-12-07 09:00:00+00:00,1,0.0,3,True,True,8.600000000000023,15.100000000000025,True
07510,2016-06-23 09:00:00+00:00,2016-06-23 09:00:00+00:00,1,0.0,3,True,True,19.5,30.400000000000038,True
07510,2016-10-06 09:00:00+00:00,2016-10-06 09:00:00+00:00,1,0.0,3,True,True,13.600000000000025,18.600000000000023,True
07510,2017-09-01 00:00:00+00:00,2017-09-01 00:00:00+00:00,1,0.0,3,True,True,15.600000000000025,11.0,True
07510,2017-11-29 03:00:00+00:00,2017-11-29 03:00:00+00:00,1,0.0,3,True,True,4.300000000000011,1.900000000000034,True
07510,2017-12-21 06:00:00+00:00,2017-12-21 06:00:00+00:00,1,0.0,3,True,True,6.600000000000023,5.7000000000000455,True
07510,2020-04-27 12:00:00+00:00,2020-04-27 12:00:00+00:00,1,0.0,3,True,True,14.600000000000025,17.100000000000023,True
07510,2020-12-05 03:00:00+00:00,2020-12-05 03:00:00+00:00,1,0.0,3,True,True,3.5,4.600000000000023,True
07510,2021-12-05 00:00:00+00:00,2021-12-05 00:00:00+00:00,1,0.0,3,True,True,7.100000000000023,6.2000000000000455,True
07510,2021-12-06 00:00:00+00:00,2021-12-06 00:00:00+00:00,1,0.0,3,True,True,6.5,5.0,True
07510,2024-02-05 09:00:00+00:00,2024-02-05 09:00:00+00:00,1,0.0,3,True,True,4.2000000000000455,4.400000000000034,True
07510,2025-02-20 12:00:00+00:00,2025-02-20 12:00:00+00:00,1,0.0,3,True,True,11.200000000000044,20.80000000000001,True
07510,2025-04-14 09:00:00+00:00,2025-04-14 09:00:00+00:00,1,0.0,3,True,True,7.2000000000000455,19.700000000000045,True
07535,2015-12-07 09:00:00+00:00,2015-12-07 09:00:00+00:00,1,0.0,3,True,True,8.900000000000034,16.100000000000023,True
07535,2016-06-23 09:00:00+00:00,2016-06-23 09:00:00+00:00,1,0.0,3,True,True,22.5,30.0,True
07535,2016-10-06 09:00:00+00:00,2016-10-06 09:00:00+00:00,1,0.0,3,True,True,13.100000000000025,17.80000000000001,True
07535,2017-09-01 00:00:00+00:00,2017-09-01 00:00:00+00:00,1,0.0,3,True,True,11.400000000000034,8.200000000000045,True
07535,2017-11-29 03:00:00+00:00,2017-11-29 03:00:00+00:00,1,0.0,3,True,True,4.2000000000000455,3.0,True
07535,2017-12-21 06:00:00+00:00,2017-12-21 06:00:00+00:00,1,0.0,3,True,True,1.3000000000000114,4.300000000000011,True
07535,2020-04-27 12:00:00+00:00,2020-04-27 12:00:00+00:00,1,0.0,3,True,True,16.600000000000023,14.200000000000044,True
07535,2020-12-05 03:00:00+00:00,2020-12-05 03:00:00+00:00,1,0.0,3,True,True,3.5,2.5,True
07535,2021-12-05 00:00:00+00:00,2021-12-05 00:00:00+00:00,1,0.0,3,True,True,5.0,3.300000000000012,True
07535,2021-12-06 00:00:00+00:00,2021-12-06 00:00:00+00:00,1,0.0,3,True,True,4.300000000000011,5.100000000000023,True
07535,2024-02-05 09:00:00+00:00,2024-02-05 09:00:00+00:00,1,0.0,3,True,True,0.9000000000000341,3.0,True
07535,2025-02-20 12:00:00+00:00,2025-02-20 12:00:00+00:00,1,0.0,3,True,True,11.800000000000011,19.200000000000045,True
07535,2025-04-14 09:00:00+00:00,2025-04-14 09:00:00+00:00,1,0.0,3,True,True,9.0,20.0,True
07558,2015-12-07 09:00:00+00:00,2015-12-07 09:00:00+00:00,1,0.0,3,True,True,8.200000000000045,9.700000000000044,True
07558,2016-06-23 09:00:00+00:00,2016-06-23 09:00:00+00:00,1,0.0,3,True,True,19.400000000000038,26.5,True
07558,2016-10-06 09:00:00+00:00,2016-10-06 09:00:00+00:00,1,0.0,3,True,True,10.0,14.100000000000025,True
07558,2017-09-01 00:00:00+00:00,2017-09-01 00:00:00+00:00,1,0.0,3,True,True,12.800000000000011,10.5,True
07558,2017-11-29 03:00:00+00:00,2017-11-29 03:00:00+00:00,1,0.0,3,True,True,2.1000000000000227,0.5,True
07558,2017-12-21 06:00:00+00:00,2017-12-21 06:00:00+00:00,1,0.0,3,True,True,3.6000000000000227,2.300000000000012,True
07558,2020-04-27 12:00:00+00:00,2020-04-27 12:00:00+00:00,1,0.0,3,True,True,12.700000000000044,14.700000000000044,True
07558,2020-12-05 03:00:00+00:00,2020-12-05 03:00:00+00:00,1,0.0,3,True,True,0.5,0.0,True
07558,2021-12-05 00:00:00+00:00,2021-12-05 00:00:00+00:00,1,0.0,3,True,True,2.800000000000012,1.0,True
07558,2021-12-06 00:00:00+00:00,2021-12-06 00:00:00+00:00,1,0.0,3,True,True,1.3000000000000114,1.8000000000000114,True
07558,2024-02-05 09:00:00+00:00,2024-02-05 09:00:00+00:00,1,0.0,3,True,True,4.300000000000011,14.300000000000011,True
07558,2025-02-20 12:00:00+00:00,2025-02-20 12:00:00+00:00,1,0.0,3,True,True,6.600000000000023,13.400000000000034,True
07558,2025-04-14 09:00:00+00:00,2025-04-14 09:00:00+00:00,1,0.0,3,True,True,8.900000000000034,11.700000000000044,True
07577,2015-12-07 09:00:00+00:00,2015-12-07 09:00:00+00:00,1,0.0,3,True,True,9.100000000000025,12.200000000000044,True
07577,2017-09-01 00:00:00+00:00,2017-09-01 00:00:00+00:00,1,0.0,3,True,True,17.100000000000023,15.600000000000025,True
07577,2017-11-29 03:00:00+00:00,2017-11-29 03:00:00+00:00,1,0.0,3,True,True,5.5,3.1000000000000227,True
07577,2017-12-21 06:00:00+00:00,2017-12-21 06:00:00+00:00,1,0.0,3,True,True,5.400000000000034,6.5,True
07577,2020-04-27 12:00:00+00:00,2020-04-27 12:00:00+00:00,1,0.0,3,True,True,16.30000000000001,19.700000000000045,True
07577,2020-12-05 03:00:00+00:00,2020-12-05 03:00:00+00:00,1,0.0,3,True,True,5.100000000000023,2.1000000000000227,True
07577,2021-12-05 00:00:00+00:00,2021-12-05 00:00:00+00:00,1,0.0,3,True,True,4.800000000000011,-0.5,True
07577,2021-12-06 00:00:00+00:00,2021-12-06 00:00:00+00:00,1,0.0,3,True,True,2.200000000000045,3.8000000000000114,True
07577,2024-02-05 09:00:00+00:00,2024-02-05 09:00:00+00:00,1,0.0,3,True,True,4.800000000000011,8.100000000000023,True
07577,2025-02-20 12:00:00+00:00,2025-02-20 12:00:00+00:00,1,0.0,3,True,True,10.5,14.5,True
07577,2025-04-14 09:00:00+00:00,2025-04-14 09:00:00+00:00,1,0.0,3,True,True,13.0,18.400000000000038,True
07591,2015-12-07 09:00:00+00:00,2015-12-07 09:00:00+00:00,1,0.0,3,True,True,4.900000000000034,13.700000000000044,True
07591,2016-06-23 09:00:00+00:00,2016-06-23 09:00:00+00:00,1,0.0,3,True,True,19.400000000000038,29.80000000000001,True
07591,2016-10-06 09:00:00+00:00,2016-10-06 09:00:00+00:00,1,0.0,3,True,True,6.2000000000000455,15.5,True
07591,2017-09-01 00:00:00+00:00,2017-09-01 00:00:00+00:00,1,0.0,3,True,True,14.5,13.600000000000025,True
07591,2017-11-29 03:00:00+00:00,2017-11-29 03:00:00+00:00,1,0.0,3,True,True,0.9000000000000341,0.2000000000000454,True
07591,2017-12-21 06:00:00+00:00,2017-12-21 06:00:00+00:00,1,0.0,3,True,True,-5.7999999999999545,-4.399999999999977,True
07591,2020-04-27 12:00:00+00:00,2020-04-27 12:00:00+00:00,1,0.0,3,True,True,16.600000000000023,14.200000000000044,True
07591,2020-12-05 03:00:00+00:00,2020-12-05 03:00:00+00:00,1,0.0,3,True,True,1.5,-1.1999999999999886,True
07591,2021-12-05 00:00:00+00:00,2021-12-05 00:00:00+00:00,1,0.0,3,True,True,2.300000000000012,0.2000000000000454,True
07591,2021-12-06 00:00:00+00:00,2021-12-06 00:00:00+00:00,1,0.0,3,True,True,-3.899999999999977,-5.0,True
07591,2024-02-05 09:00:00+00:00,2024-02-05 09:00:00+00:00,1,0.0,3,True,True,0.0,13.0,True
07591,2025-02-20 12:00:00+00:00,2025-02-20 12:00:00+00:00,1,0.0,3,True,True,6.400000000000034,15.300000000000011,True
07591,2025-04-14 09:00:00+00:00,2025-04-14 09:00:00+00:00,1,0.0,3,True,True,9.0,16.700000000000045,True
07607,2015-12-07 09:00:00+00:00,2015-12-07 09:00:00+00:00,1,0.0,3,True,True,4.600000000000023,15.400000000000034,True
07607,2016-06-23 09:00:00+00:00,2016-06-23 09:00:00+00:00,1,0.0,3,True,True,19.5,29.80000000000001,True
07607,2016-10-06 09:00:00+00:00,2016-10-06 09:00:00+00:00,1,0.0,3,True,True,13.5,21.0,True
07607,2017-09-01 00:00:00+00:00,2017-09-01 00:00:00+00:00,1,0.0,3,True,True,14.800000000000011,9.700000000000044,True
07607,2017-11-29 03:00:00+00:00,2017-11-29 03:00:00+00:00,1,0.0,3,True,True,5.900000000000034,4.600000000000023,True
07607,2017-12-21 06:00:00+00:00,2017-12-21 06:00:00+00:00,1,0.0,3,True,True,5.900000000000034,6.7000000000000455,True
07607,2020-04-27 12:00:00+00:00,2020-04-27 12:00:00+00:00,1,0.0,3,True,True,15.300000000000011,16.600000000000023,True
07607,2020-12-05 03:00:00+00:00,2020-12-05 03:00:00+00:00,1,0.0,3,True,True,3.5,3.300000000000012,True
07607,2021-12-05 00:00:00+00:00,2021-12-05 00:00:00+00:00,1,0.0,3,True,True,7.0,7.300000000000011,True
07607,2021-12-06 00:00:00+00:00,2021-12-06 00:00:00+00:00,1,0.0,3,True,True,4.600000000000023,4.2000000000000455,True
07607,2024-02-05 09:00:00+00:00,2024-02-05 09:00:00+00:00,1,0.0,3,True,True,4.400000000000034,5.400000000000034,True
07607,2025-02-20 12:00:00+00:00,2025-02-20 12:00:00+00:00,1,0.0,3,True,True,10.5,21.80000000000001,True
07607,2025-04-14 09:00:00+00:00,2025-04-14 09:00:00+00:00,1,0.0,3,True,True,7.700000000000045,19.100000000000023,True
07621,2015-12-07 09:00:00+00:00,2015-12-07 09:00:00+00:00,1,0.0,3,True,True,3.0,15.0,True
07621,2016-06-23 09:00:00+00:00,2016-06-23 09:00:00+00:00,1,0.0,3,True,True,18.0,29.80000000000001,True
07621,2016-10-06 09:00:00+00:00,2016-10-06 09:00:00+00:00,1,0.0,3,True,True,15.0,17.200000000000045,True
07621,2017-09-01 00:00:00+00:00,2017-09-01 00:00:00+00:00,1,0.0,3,True,True,15.700000000000044,14.100000000000025,True
07621,2017-11-29 03:00:00+00:00,2017-11-29 03:00:00+00:00,1,0.0,3,True,True,6.300000000000011,1.6000000000000227,True
07621,2017-12-21 06:00:00+00:00,2017-12-21 06:00:00+00:00,1,0.0,3,True,True,5.0,5.900000000000034,True
07621,2020-04-27 12:00:00+00:00,2020-04-27 12:00:00+00:00,1,0.0,3,True,True,14.900000000000034,14.5,True
07621,2020-12-05 03:00:00+00:00,2020-12-05 03:00:00+00:00,1,0.0,3,True,True,0.2000000000000454,0.2000000000000454,True
07621,2021-12-05 00:00:00+00:00,2021-12-05 00:00:00+00:00,1,0.0,3,True,True,4.800000000000011,6.100000000000023,True
07621,2021-12-06 00:00:00+00:00,2021-12-06 00:00:00+00:00,1,0.0,3,True,True,4.400000000000034,4.7000000000000455,True
07621,2024-02-05 09:00:00+00:00,2024-02-05 09:00:00+00:00,1,0.0,3,True,True,1.6000000000000227,12.400000000000034,True
07621,2025-02-20 12:00:00+00:00,2025-02-20 12:00:00+00:00,1,0.0,3,True,True,15.400000000000034,20.600000000000023,True
07621,2025-04-14 09:00:00+00:00,2025-04-14 09:00:00+00:00,1,0.0,3,True,True,10.600000000000025,17.900000000000034,True
07627,2015-12-07 09:00:00+00:00,2015-12-07 09:00:00+00:00,1,0.0,3,True,True,4.0,15.5,True
07627,2016-06-23 09:00:00+00:00,2016-06-23 09:00:00+00:00,1,0.0,3,True,True,18.600000000000023,29.600000000000023,True
07627,2016-10-06 09:00:00+00:00,2016-10-06 09:00:00+00:00,1,0.0,3,True,True,14.300000000000011,17.0,True
07627,2017-09-01 00:00:00+00:00,2017-09-01 00:00:00+00:00,1,0.0,3,True,True,14.800000000000011,13.700000000000044,True
07627,2017-11-29 03:00:00+00:00,2017-11-29 03:00:00+00:00,1,0.0,3,True,True,4.5,4.0,True
07627,2017-12-21 06:00:00+00:00,2017-12-21 06:00:00+00:00,1,0.0,3,True,True,4.7000000000000455,4.5,True
07627,2020-04-27 12:00:00+00:00,2020-04-27 12:00:00+00:00,1,0.0,3,True,True,17.100000000000023,13.300000000000011,True
07627,2020-12-05 03:00:00+00:00,2020-12-05 03:00:00+00:00,1,0.0,3,True,True,1.2000000000000457,-1.5,True
07627,2021-12-05 00:00:00+00:00,2021-12-05 00:00:00+00:00,1,0.0,3,True,True,7.2000000000000455,3.300000000000012,True
07627,2021-12-06 00:00:00+00:00,2021-12-06 00:00:00+00:00,1,0.0,3,True,True,4.300000000000011,4.100000000000023,True
07627,2024-02-05 09:00:00+00:00,2024-02-05 09:00:00+00:00,1,0.0,3,True,True,0.2000000000000454,14.200000000000044,True
07627,2025-02-20 12:00:00+00:00,2025-02-20 12:00:00+00:00,1,0.0,3,True,True,13.0,19.5,True
07627,2025-04-14 09:00:00+00:00,2025-04-14 09:00:00+00:00,1,0.0,3,True,True,11.300000000000011,18.200000000000045,True
07630,2015-12-07 09:00:00+00:00,2015-12-07 09:00:00+00:00,1,0.0,3,True,True,9.600000000000025,16.5,True
07630,2016-06-23 09:00:00+00:00,2016-06-23 09:00:00+00:00,1,0.0,3,True,True,22.100000000000023,30.5,True
07630,2016-10-06 09:00:00+00:00,2016-10-06 09:00:00+00:00,1,0.0,3,True,True,16.400000000000034,21.600000000000023,True
07630,2017-09-01 00:00:00+00:00,2017-09-01 00:00:00+00:00,1,0.0,3,True,True,17.600000000000023,15.0,True
07630,2017-11-29 03:00:00+00:00,2017-11-29 03:00:00+00:00,1,0.0,3,True,True,7.2000000000000455,4.7000000000000455,True
07630,2017-12-21 06:00:00+00:00,2017-12-21 06:00:00+00:00,1,0.0,3,True,True,5.600000000000023,5.600000000000023,True
07630,2020-04-27 12:00:00+00:00,2020-04-27 12:00:00+00:00,1,0.0,3,True,True,18.100000000000023,16.400000000000034,True
07630,2020-12-05 03:00:00+00:00,2020-12-05 03:00:00+00:00,1,0.0,3,True,True,2.400000000000034,2.800000000000012,True
07630,2021-12-05 00:00:00+00:00,2021-12-05 00:00:00+00:00,1,0.0,3,True,True,8.200000000000045,5.2000000000000455,True
07630,2021-12-06 00:00:00+00:00,2021-12-06 00:00:00+00:00,1,0.0,3,True,True,5.7000000000000455,5.2000000000000455,True
07630,2024-02-05 09:00:00+00:00,2024-02-05 09:00:00+00:00,1,0.0,3,True,True,2.900000000000034,4.600000000000023,True
07630,2025-02-20 12:00:00+00:00,2025-02-20 12:00:00+00:00,1,0.0,3,True,True,12.200000000000044,17.5,True
07630,2025-04-14 09:00:00+00:00,2025-04-14 09:00:00+00:00,1,0.0,3,True,True,11.400000000000034,18.80000000000001,True
07643,2015-12-07 09:00:00+00:00,2015-12-07 09:00:00+00:00,1,0.0,3,True,True,11.5,14.5,True
07643,2016-05-15 09:00:00+00:00,2016-05-15 09:00:00+00:00,1,0.0,3,True,True,15.0,21.5,True
07643,2017-09-01 00:00:00+00:00,2017-09-01 00:00:00+00:00,1,0.0,3,True,True,19.200000000000045,16.0,True
07643,2017-11-29 03:00:00+00:00,2017-11-29 03:00:00+00:00,1,0.0,3,True,True,8.300000000000011,4.600000000000023,True
07643,2017-12-21 06:00:00+00:00,2017-12-21 06:00:00+00:00,1,0.0,3,True,True,7.300000000000011,7.5,True
07643,2020-04-27 12:00:00+00:00,2020-04-27 12:00:00+00:00,1,0.0,3,True,True,18.0,17.700000000000045,True
07643,2020-12-05 03:00:00+00:00,2020-12-05 03:00:00+00:00,1,0.0,3,True,True,3.5,-0.2999999999999545,True
07643,2021-12-05 00:00:00+00:00,2021-12-05 00:00:00+00:00,1,0.0,3,True,True,9.600000000000025,5.300000000000011,True
07643,2021-12-06 00:00:00+00:00,2021-12-06 00:00:00+00:00,1,0.0,3,True,True,6.100000000000023,7.300000000000011,True
07643,2024-02-05 09:00:00+00:00,2024-02-05 09:00:00+00:00,1,0.0,3,True,True,2.6000000000000227,14.0,True
07643,2025-02-20 12:00:00+00:00,2025-02-20 12:00:00+00:00,1,0.0,3,True,True,12.200000000000044,13.0,True
07643,2025-04-14 09:00:00+00:00,2025-04-14 09:00:00+00:00,1,0.0,3,True,True,14.11207216005572,15.5,True
07650,2015-12-07 09:00:00+00:00,2015-12-07 09:00:00+00:00,1,0.0,3,True,True,12.200000000000044,16.5,True
07650,2016-05-15 09:00:00+00:00,2016-05-15 09:00:00+00:00,1,0.0,3,True,True,13.200000000000044,20.0,True
07650,2017-09-01 00:00:00+00:00,2017-09-01 00:00:00+00:00,1,0.0,3,True,True,20.200000000000045,17.200000000000045,True
07650,2017-11-29 03:00:00+00:00,2017-11-29 03:00:00+00:00,1,0.0,3,True,True,4.2000000000000455,4.5,True
07650,2017-12-21 06:00:00+00:00,2017-12-21 06:00:00+00:00,1,0.0,3,True,True,2.900000000000034,4.900000000000034,True
07650,2020-04-27 12:00:00+00:00,2020-04-27 12:00:00+00:00,1,0.0,3,True,True,18.900000000000038,18.5,True
07650,2020-12-05 03:00:00+00:00,2020-12-05 03:00:00+00:00,1,0.0,3,True,True,5.2000000000000455,1.3000000000000114,True
07650,2021-12-05 00:00:00+00:00,2021-12-05 00:00:00+00:00,1,0.0,3,True,True,10.400000000000034,4.900000000000034,True
07650,2021-12-06 00:00:00+00:00,2021-12-06 00:00:00+00:00,1,0.0,3,True,True,5.2000000000000455,5.2000000000000455,True
07650,2024-02-05 09:00:00+00:00,2024-02-05 09:00:00+00:00,1,0.0,3,True,True,3.5,12.400000000000034,True
07650,2025-02-20 12:00:00+00:00,2025-02-20 12:00:00+00:00,1,0.0,3,True,True,11.400000000000034,12.5,True
07650,2025-04-14 09:00:00+00:00,2025-04-14 09:00:00+00:00,1,0.0,3,True,True,14.200000000000044,17.400000000000034,True
07690,2015-12-07 09:00:00+00:00,2015-12-07 09:00:00+00:00,1,0.0,3,True,True,11.5,15.5,True
07690,2016-05-15 09:00:00+00:00,2016-05-15 09:00:00+00:00,1,0.0,3,True,True,16.600000000000023,19.100000000000023,True
07690,2017-09-01 00:00:00+00:00,2017-09-01 00:00:00+00:00,1,0.0,3,True,True,23.700000000000045,21.600000000000023,True
07690,2017-11-29 03:00:00+00:00,2017-11-29 03:00:00+00:00,1,0.0,3,True,True,7.2000000000000455,7.100000000000023,True
07690,2017-12-21 06:00:00+00:00,2017-12-21 06:00:00+00:00,1,0.0,3,True,True,3.7000000000000455,6.400000000000034,True
07690,2020-04-27 12:00:00+00:00,2020-04-27 12:00:00+00:00,1,0.0,3,True,True,17.100000000000023,18.0,True
07690,2020-12-05 03:00:00+00:00,2020-12-05 03:00:00+00:00,1,0.0,3,True,True,6.7000000000000455,7.2000000000000455,True
07690,2021-12-05 00:00:00+00:00,2021-12-05 00:00:00+00:00,1,0.0,3,True,True,12.900000000000034,10.700000000000044,True
07690,2021-12-06 00:00:00+00:00,2021-12-06 00:00:00+00:00,1,0.0,3,True,True,7.5,6.2000000000000455,True
07690,2024-02-05 09:00:00+00:00,2024-02-05 09:00:00+00:00,1,0.0,3,True,True,10.100000000000025,13.700000000000044,True
07690,2025-02-20 12:00:00+00:00,2025-02-20 12:00:00+00:00,1,0.0,3,True,True,12.100000000000025,13.0,True
07690,2025-04-14 09:00:00+00:00,2025-04-14 09:00:00+00:00,1,0.0,3,True,True,14.400000000000034,16.100000000000023,True
07747,2015-12-07 09:00:00+00:00,2015-12-07 09:00:00+00:00,1,0.0,3,True,True,6.7000000000000455,16.5,True
07747,2016-05-15 09:00:00+00:00,2016-05-15 09:00:00+00:00,1,0.0,3,True,True,16.600000000000023,19.900000000000038,True
07747,2017-09-01 00:00:00+00:00,2017-09-01 00:00:00+00:00,1,0.0,3,True,True,18.400000000000038,18.100000000000023,True
07747,2017-11-29 03:00:00+00:00,2017-11-29 03:00:00+00:00,1,0.0,3,True,True,4.100000000000023,8.800000000000011,True
07747,2017-12-21 06:00:00+00:00,2017-12-21 06:00:00+00:00,1,0.0,3,True,True,10.5,11.0,True
07747,2020-04-27 12:00:00+00:00,2020-04-27 12:00:00+00:00,1,0.0,3,True,True,19.100000000000023,21.200000000000045,True
07747,2020-12-05 03:00:00+00:00,2020-12-05 03:00:00+00:00,1,0.0,3,True,True,1.5,1.6000000000000227,True
07747,2021-12-05 00:00:00+00:00,2021-12-05 00:00:00+00:00,1,0.0,3,True,True,10.200000000000044,9.400000000000034,True
07747,2021-12-06 00:00:00+00:00,2021-12-06 00:00:00+00:00,1,0.0,3,True,True,7.5,8.800000000000011,True
07747,2024-02-05 09:00:00+00:00,2024-02-05 09:00:00+00:00,1,0.0,3,True,True,11.100000000000025,20.400000000000038,True
07747,2025-02-20 12:00:00+00:00,2025-02-20 12:00:00+00:00,1,0.0,3,True,True,12.200000000000044,15.0,True
07747,2025-04-14 09:00:00+00:00,2025-04-14 09:00:00+00:00,1,0.0,3,True,True,14.95979903382994,19.400000000000038,True
07761,2015-12-07 09:00:00+00:00,2015-12-07 09:00:00+00:00,1,0.0,3,True,True,11.300000000000011,17.30000000000001,True
07761,2016-05-15 09:00:00+00:00,2016-05-15 09:00:00+00:00,1,0.0,3,True,True,15.0,19.400000000000038,True
07761,2017-09-01 00:00:00+00:00,2017-09-01 00:00:00+00:00,1,0.0,3,True,True,24.900000000000038,22.0,True
07761,2017-11-29 03:00:00+00:00,2017-11-29 03:00:00+00:00,1,0.0,3,True,True,11.0,10.700000000000044,True
07761,2017-12-21 06:00:00+00:00,2017-12-21 06:00:00+00:00,1,0.0,3,True,True,0.3000000000000113,4.100000000000023,True
07761,2020-04-27 12:00:00+00:00,2020-04-27 12:00:00+00:00,1,0.0,3,True,True,19.200000000000045,20.30000000000001,True
07761,2020-12-05 03:00:00+00:00,2020-12-05 03:00:00+00:00,1,0.0,3,True,True,12.100000000000025,9.900000000000034,True
07761,2021-12-05 00:00:00+00:00,2021-12-05 00:00:00+00:00,1,0.0,3,True,True,15.200000000000044,12.300000000000011,True
07761,2021-12-06 00:00:00+00:00,2021-12-06 00:00:00+00:00,1,0.0,3,True,True,7.300000000000011,4.400000000000034,True
07761,2024-02-05 09:00:00+00:00,2024-02-05 09:00:00+00:00,1,0.0,3,True,True,6.600000000000023,16.80000000000001,True
07761,2025-02-20 12:00:00+00:00,2025-02-20 12:00:00+00:00,1,0.0,3,True,True,10.100000000000025,16.200000000000045,True
07761,2025-04-14 09:00:00+00:00,2025-04-14 09:00:00+00:00,1,0.0,3,True,True,15.600000000000025,17.30000000000001,True
07790,2015-12-07 09:00:00+00:00,2015-12-07 09:00:00+00:00,1,0.0,3,True,True,10.700000000000044,14.800000000000011,True
07790,2016-05-15 09:00:00+00:00,2016-05-15 09:00:00+00:00,1,0.0,3,True,True,17.200000000000045,19.30000000000001,True
07790,2017-09-01 00:00:00+00:00,2017-09-01 00:00:00+00:00,1,0.0,3,True,True,23.5,24.0,True
07790,2017-11-29 03:00:00+00:00,2017-11-29 03:00:00+00:00,1,0.0,3,True,True,8.800000000000011,7.700000000000045,True
07790,2017-12-21 06:00:00+00:00,2017-12-21 06:00:00+00:00,1,0.0,3,True,True,1.6000000000000227,7.300000000000011,True
07790,2020-04-27 12:00:00+00:00,2020-04-27 12:00:00+00:00,1,0.0,3,True,True,19.200000000000045,18.0,True
07790,2020-12-05 03:00:00+00:00,2020-12-05 03:00:00+00:00,1,0.0,3,True,True,9.475763454942124,8.268684993159447,True
07790,2021-12-05 00:00:00+00:00,2021-12-05 00:00:00+00:00,1,0.0,3,True,True,9.800000000000011,12.200000000000044,True
07790,2021-12-06 00:00:00+00:00,2021-12-06 00:00:00+00:00,1,0.0,3,True,True,10.100000000000025,8.300000000000011,True
07790,2024-02-05 09:00:00+00:00,2024-02-05 09:00:00+00:00,1,0.0,3,True,True,9.0,14.600000000000025,True
07790,2025-02-20 12:00:00+00:00,2025-02-20 12:00:00+00:00,1,0.0,3,True,True,11.5,12.5,True
07790,2025-04-14 09:00:00+00:00,2025-04-14 09:00:00+00:00,1,0.0,3,True,True,15.5,16.0,True
