station,n,moyenne,ecart_type,minimum,q01,q05,mediane,q95,q99,maximum
07460,29472,12.873912595532202,7.9018760209744,-12.099999999999966,-3.099999999999966,0.4000000000000341,12.600000000000025,26.600000000000023,31.90000000000004,40.60000000000002
07471,29472,9.794071987384452,7.929102449507015,-16.599999999999966,-5.699999999999989,-2.2999999999999545,9.300000000000011,24.0,29.200000000000045,37.200000000000045
07481,29472,13.528286418409927,8.178112909785169,-10.0,-2.2999999999999545,0.7000000000000455,13.100000000000025,27.600000000000023,32.400000000000034,39.5
07577,29472,14.748639676142838,8.032921343191447,-6.099999999999966,0.1000000000000227,2.800000000000012,14.100000000000025,29.0,33.72900000000012,40.0
07280,29472,12.153031749046894,8.128694862700586,-10.799999999999956,-3.1999999999999886,-0.1999999999999886,11.5,26.5,31.5,38.900000000000034
07110,29472,12.025596096758337,5.032090182073356,-6.5,0.6000000000000227,3.8000000000000114,11.800000000000011,20.100000000000023,25.0,38.80000000000001
07117,29472,12.579316453965326,4.29634953290165,-4.2999999999999545,2.900000000000034,5.800000000000011,12.5,19.5,22.013453699825103,35.200000000000045
07130,29472,12.606161760725813,6.531939579319912,-6.699999999999989,-1.2999999999999543,2.200000000000045,12.300000000000011,23.80000000000001,29.200000000000045,40.200000000000045
07240,29472,12.908192769559019,7.246117083580113,-8.199999999999989,-1.3999999999999773,1.5,12.300000000000011,25.700000000000045,31.0,40.5
07255,29472,12.836070937795867,7.70676649495228,-9.5,-2.099999999999966,0.9000000000000341,12.300000000000011,26.5,31.80000000000001,40.80000000000001
07761,29472,16.626983475034184,6.873709912967036,-2.5,3.1000000000000227,5.900000000000034,16.100000000000023,28.40000000000004,30.90000000000004,38.60000000000002
07790,29472,16.79060073701955,6.883505999201944,-1.1999999999999886,3.900000000000034,6.5,16.100000000000023,28.80000000000001,31.30000000000001,36.400000000000034
07072,29472,11.578474982452175,7.5525897565591515,-10.599999999999966,-3.7999999999999545,-0.1999999999999886,11.100000000000025,24.80000000000001,29.829000000000107,40.900000000000034
07168,29472,12.093775915449905,7.7364933452652656,-11.0,-3.3999999999999773,0.1000000000000227,11.5,25.80000000000001,31.0,41.30000000000001
07181,29472,11.32823620255743,7.831329086375249,-12.0,-4.199999999999989,-0.5999999999999659,10.800000000000011,25.0,29.90000000000004,39.400000000000034
07190,29472,12.124967745631631,8.207417373951083,-12.5,-3.6999999999999886,-0.3999999999999772,11.600000000000025,26.40000000000004,31.0,38.80000000000001
07299,29472,11.75285605246638,8.258088807601274,-16.099999999999966,-4.099999999999966,-0.5999999999999659,11.200000000000044,26.40000000000004,31.100000000000023,38.30000000000001
07005,29472,11.587816851048816,6.345594257382494,-7.5,-1.8999999999999773,1.400000000000034,11.300000000000011,22.200000000000045,27.40000000000004,41.200000000000045
07015,29472,11.907668238749956,6.91409780945784,-7.599999999999966,-2.1999999999999886,1.1000000000000227,11.5,23.700000000000045,28.700000000000045,41.400000000000034
07020,29472,12.651167068038891,4.058041010392303,-3.099999999999966,3.300000000000012,6.2000000000000455,12.5,18.90000000000004,20.851003290624714,32.10000000000002
07027,29472,11.833785673064995,6.038055548687223,-6.699999999999989,-1.2999999999999543,2.200000000000045,11.600000000000025,21.90000000000004,26.5,39.5
07037,29472,11.396013345346384,6.678214581192152,-9.0,-2.2999999999999545,0.8000000000000114,11.0,23.0,28.0,40.900000000000034
07139,29472,11.791286054460448,6.898384025464784,-9.399999999999975,-2.2999999999999545,0.8000000000000114,11.400000000000034,23.700000000000045,29.100000000000023,39.30000000000001
07314,29472,14.29580073918493,5.137646464923738,-4.199999999999989,2.400000000000034,5.7000000000000455,14.100000000000025,22.200000000000045,25.622456086861376,36.30000000000001
07335,29472,12.913114208624307,7.392412772694846,-8.099999999999966,-1.8999999999999773,1.3000000000000114,12.300000000000011,26.0,31.5,39.700000000000045
07434,29472,12.338702000504192,7.194929921144063,-9.199999999999989,-1.6999999999999886,1.400000000000034,11.700000000000044,25.100000000000023,30.100000000000023,38.0
07510,29472,14.538065438972076,7.140909978260979,-7.599999999999966,-0.3999999999999772,3.400000000000034,14.0,27.100000000000023,32.400000000000034,40.400000000000034
07607,29472,14.09392211950388,7.614124890874646,-8.799999999999955,-2.099999999999966,1.8000000000000114,13.700000000000044,27.40000000000004,33.0,41.400000000000034
07535,29472,13.378614542294365,7.713239647475666,-8.899999999999977,-2.1999999999999886,1.400000000000034,12.700000000000044,27.306699574407702,32.700000000000045,40.30000000000001
07558,29472,11.704853317566396,7.606381487819487,-11.399999999999975,-2.6999999999999886,0.4000000000000341,10.800000000000011,25.600000000000023,30.5,38.700000000000045
07621,29472,13.198131208687421,7.274477011208832,-7.799999999999954,-1.599999999999966,1.8000000000000114,13.0,25.80000000000001,31.0,39.400000000000034
07627,29472,12.896651653319234,7.441406913969926,-11.299999999999956,-2.099999999999966,1.400000000000034,12.600000000000025,25.90000000000004,31.100000000000023,39.60000000000002
07630,29472,14.79235456760724,7.6224008807344115,-6.699999999999989,-0.5,3.1000000000000227,14.200000000000044,28.200000000000045,33.22900000000012,42.30000000000001
07643,29472,16.06586878641443,7.351480511950148,-5.7999999999999545,0.6000000000000227,4.300000000000011,15.600000000000025,28.30000000000001,32.0,42.0
07747,29472,16.71218960992937,7.116662302975285,-3.7999999999999545,2.700000000000045,5.900000000000034,16.200000000000045,28.90000000000004,32.900000000000034,41.900000000000034
07222,29472,13.17405264655204,6.668474797997399,-6.699999999999989,-0.7999999999999545,2.400000000000034,12.700000000000044,24.700000000000045,30.200000000000045,41.80000000000001
07591,29472,11.346578767023603,8.53442638352525,-10.5,-4.7999999999999545,-1.1999999999999886,10.79069217199128,26.700000000000045,31.200000000000045,38.10000000000002
07650,29472,16.426314062670624,7.6823663287960855,-4.7999999999999545,0.5,4.300000000000011,16.0,29.40000000000004,33.0,39.10000000000002
07690,29472,16.950135191893924,6.482465643890692,-1.1999999999999886,4.800000000000011,7.100000000000023,16.400000000000034,27.40000000000004,29.700000000000045,35.10000000000002
07149,29472,12.794944299205202,7.303894224675221,-8.399999999999977,-1.7999999999999543,1.3000000000000114,12.300000000000011,25.40000000000004,30.5,41.400000000000034
