annee,n,moyenne,ecart_type,minimum,maximum
2015,9920,9.16356492008844,3.8334474930674003,-4.5,21.30000000000001
2016,117120,12.519780108258246,7.180061817920111,-9.699999999999989,39.700000000000045
2017,116800,12.771933926133974,7.597164382758221,-13.299999999999956,38.30000000000001
2018,116800,13.302684763163047,7.651585926756783,-16.599999999999966,38.0
2019,116800,13.096559067527396,7.420358478798377,-9.199999999999989,42.0
2020,117120,13.51772615810827,7.025980593166256,-7.599999999999966,39.80000000000001
2021,116800,12.388358747363021,7.184451421232353,-16.099999999999966,36.60000000000002
2022,116800,13.961691936037433,7.917328614406115,-12.5,41.80000000000001
2023,116800,13.767690201313993,7.469399794137721,-10.5,42.30000000000001
2024,117120,13.301804669586623,6.880437721200074,-12.099999999999966,38.700000000000045
2025,116800,13.49759739298107,7.534706151528343,-11.299999999999956,40.900000000000034
