timestamp,station
2015-12-07 09:00:00+00:00,07460
2015-12-07 09:00:00+00:00,07471
2015-12-07 09:00:00+00:00,07481
2015-12-07 09:00:00+00:00,07577
2015-12-07 09:00:00+00:00,07280
2015-12-07 09:00:00+00:00,07110
2015-12-07 09:00:00+00:00,07117
2015-12-07 09:00:00+00:00,07130
2015-12-07 09:00:00+00:00,07240
2015-12-07 09:00:00+00:00,07255
2015-12-07 09:00:00+00:00,07761
2015-12-07 09:00:00+00:00,07790
2015-12-07 09:00:00+00:00,07072
2015-12-07 09:00:00+00:00,07168
2015-12-07 09:00:00+00:00,07181
2015-12-07 09:00:00+00:00,07190
2015-12-07 09:00:00+00:00,07299
2015-12-07 09:00:00+00:00,07005
2015-12-07 09:00:00+00:00,07015
2015-12-07 09:00:00+00:00,07020
2015-12-07 09:00:00+00:00,07027
2015-12-07 09:00:00+00:00,07037
2015-12-07 09:00:00+00:00,07139
2015-12-07 09:00:00+00:00,07314
2015-12-07 09:00:00+00:00,07335
2015-12-07 09:00:00+00:00,07434
2015-12-07 09:00:00+00:00,07510
2015-12-07 09:00:00+00:00,07607
2015-12-07 09:00:00+00:00,07535
2015-12-07 09:00:00+00:00,07558
2015-12-07 09:00:00+00:00,07621
2015-12-07 09:00:00+00:00,07627
2015-12-07 09:00:00+00:00,07630
2015-12-07 09:00:00+00:00,07643
2015-12-07 09:00:00+00:00,07747
2015-12-07 09:00:00+00:00,07222
2015-12-07 09:00:00+00:00,07591
2015-12-07 09:00:00+00:00,07650
2015-12-07 09:00:00+00:00,07690
2015-12-07 09:00:00+00:00,07149
2016-05-15 09:00:00+00:00,07761
2016-05-15 09:00:00+00:00,07790
2016-05-15 09:00:00+00:00,07005
2016-05-15 09:00:00+00:00,07015
2016-05-15 09:00:00+00:00,07643
2016-05-15 09:00:00+00:00,07747
2016-05-15 09:00:00+00:00,07650
2016-05-15 09:00:00+00:00,07690
2016-06-23 09:00:00+00:00,07314
2016-06-23 09:00:00+00:00,07335
2016-06-23 09:00:00+00:00,07434
2016-06-23 09:00:00+00:00,07510
2016-06-23 09:00:00+00:00,07607
2016-06-23 09:00:00+00:00,07535
2016-06-23 09:00:00+00:00,07558
2016-06-23 09:00:00+00:00,07621
2016-06-23 09:00:00+00:00,07627
2016-06-23 09:00:00+00:00,07630
2016-06-23 09:00:00+00:00,07222
2016-06-23 09:00:00+00:00,07591
2016-10-06 09:00:00+00:00,07110
2016-10-06 09:00:00+00:00,07117
2016-10-06 09:00:00+00:00,07130
2016-10-06 09:00:00+00:00,07240
2016-10-06 09:00:00+00:00,07005
2016-10-06 09:00:00+00:00,07020
2016-10-06 09:00:00+00:00,07027
2016-10-06 09:00:00+00:00,07314
2016-10-06 09:00:00+00:00,07335
2016-10-06 09:00:00+00:00,07434
2016-10-06 09:00:00+00:00,07510
2016-10-06 09:00:00+00:00,07607
2016-10-06 09:00:00+00:00,07535
2016-10-06 09:00:00+00:00,07558
2016-10-06 09:00:00+00:00,07621
2016-10-06 09:00:00+00:00,07627
2016-10-06 09:00:00+00:00,07630
2016-10-06 09:00:00+00:00,07222
2016-10-06 09:00:00+00:00,07591
2016-11-08 09:00:00+00:00,07280
2016-11-08 09:00:00+00:00,07072
2016-11-08 09:00:00+00:00,07168
2016-11-08 09:00:00+00:00,07181
2016-11-08 09:00:00+00:00,07190
2016-11-08 09:00:00+00:00,07299
2017-08-29 18:00:00+00:00,07460
2017-08-29 18:00:00+00:00,07471
2017-08-29 18:00:00+00:00,07481
2017-08-29 18:00:00+00:00,07577
2017-08-29 18:00:00+00:00,07280
2017-08-29 18:00:00+00:00,07110
2017-08-29 18:00:00+00:00,07117
2017-08-29 18:00:00+00:00,07130
2017-08-29 18:00:00+00:00,07240
2017-08-29 18:00:00+00:00,07255
2017-08-29 18:00:00+00:00,07761
2017-08-29 18:00:00+00:00,07790
2017-08-29 18:00:00+00:00,07072
2017-08-29 18:00:00+00:00,07168
2017-08-29 18:00:00+00:00,07181
2017-08-29 18:00:00+00:00,07190
2017-08-29 18:00:00+00:00,07299
2017-08-29 18:00:00+00:00,07005
2017-08-29 18:00:00+00:00,07015
2017-08-29 18:00:00+00:00,07020
2017-08-29 18:00:00+00:00,07027
2017-08-29 18:00:00+00:00,07037
2017-08-29 18:00:00+00:00,07139
2017-08-29 18:00:00+00:00,07314
2017-08-29 18:00:00+00:00,07335
2017-08-29 18:00:00+00:00,07434
2017-08-29 18:00:00+00:00,07510
2017-08-29 18:00:00+00:00,07607
2017-08-29 18:00:00+00:00,07535
2017-08-29 18:00:00+00:00,07558
2017-08-29 18:00:00+00:00,07621
2017-08-29 18:00:00+00:00,07627
2017-08-29 18:00:00+00:00,07630
2017-08-29 18:00:00+00:00,07643
2017-08-29 18:00:00+00:00,07747
2017-08-29 18:00:00+00:00,07222
2017-08-29 18:00:00+00:00,07591
2017-08-29 18:00:00+00:00,07650
2017-08-29 18:00:00+00:00,07690
2017-08-29 18:00:00+00:00,07149
2017-08-29 21:00:00+00:00,07460
2017-08-29 21:00:00+00:00,07471
2017-08-29 21:00:00+00:00,07481
2017-08-29 21:00:00+00:00,07577
2017-08-29 21:00:00+00:00,07280
2017-08-29 21:00:00+00:00,07110
2017-08-29 21:00:00+00:00,07117
2017-08-29 21:00:00+00:00,07130
2017-08-29 21:00:00+00:00,07240
2017-08-29 21:00:00+00:00,07255
2017-08-29 21:00:00+00:00,07761
2017-08-29 21:00:00+00:00,07790
2017-08-29 21:00:00+00:00,07072
2017-08-29 21:00:00+00:00,07168
2017-08-29 21:00:00+00:00,07181
2017-08-29 21:00:00+00:00,07190
2017-08-29 21:00:00+00:00,07299
2017-08-29 21:00:00+00:00,07005
2017-08-29 21:00:00+00:00,07015
2017-08-29 21:00:00+00:00,07020
2017-08-29 21:00:00+00:00,07027
2017-08-29 21:00:00+00:00,07037
2017-08-29 21:00:00+00:00,07139
2017-08-29 21:00:00+00:00,07314
2017-08-29 21:00:00+00:00,07335
2017-08-29 21:00:00+00:00,07434
2017-08-29 21:00:00+00:00,07510
2017-08-29 21:00:00+00:00,07607
2017-08-29 21:00:00+00:00,07535
2017-08-29 21:00:00+00:00,07558
2017-08-29 21:00:00+00:00,07621
2017-08-29 21:00:00+00:00,07627
2017-08-29 21:00:00+00:00,07630
2017-08-29 21:00:00+00:00,07643
2017-08-29 21:00:00+00:00,07747
2017-08-29 21:00:00+00:00,07222
2017-08-29 21:00:00+00:00,07591
2017-08-29 21:00:00+00:00,07650
2017-08-29 21:00:00+00:00,07690
2017-08-29 21:00:00+00:00,07149
2017-08-30 00:00:00+00:00,07460
2017-08-30 00:00:00+00:00,07471
2017-08-30 00:00:00+00:00,07481
2017-08-30 00:00:00+00:00,07577
2017-08-30 00:00:00+00:00,07280
2017-08-30 00:00:00+00:00,07110
2017-08-30 00:00:00+00:00,07117
2017-08-30 00:00:00+00:00,07130
2017-08-30 00:00:00+00:00,07240
2017-08-30 00:00:00+00:00,07255
2017-08-30 00:00:00+00:00,07761
2017-08-30 00:00:00+00:00,07790
2017-08-30 00:00:00+00:00,07072
2017-08-30 00:00:00+00:00,07168
2017-08-30 00:00:00+00:00,07181
2017-08-30 00:00:00+00:00,07190
2017-08-30 00:00:00+00:00,07299
2017-08-30 00:00:00+00:00,07005
2017-08-30 00:00:00+00:00,07015
2017-08-30 00:00:00+00:00,07020
2017-08-30 00:00:00+00:00,07027
2017-08-30 00:00:00+00:00,07037
2017-08-30 00:00:00+00:00,07139
2017-08-30 00:00:00+00:00,07314
2017-08-30 00:00:00+00:00,07335
2017-08-30 00:00:00+00:00,07434
2017-08-30 00:00:00+00:00,07510
2017-08-30 00:00:00+00:00,07607
2017-08-30 00:00:00+00:00,07535
2017-08-30 00:00:00+00:00,07558
2017-08-30 00:00:00+00:00,07621
2017-08-30 00:00:00+00:00,07627
2017-08-30 00:00:00+00:00,07630
2017-08-30 00:00:00+00:00,07643
2017-08-30 00:00:00+00:00,07747
2017-08-30 00:00:00+00:00,07222
2017-08-30 00:00:00+00:00,07591
2017-08-30 00:00:00+00:00,07650
2017-08-30 00:00:00+00:00,07690
2017-08-30 00:00:00+00:00,07149
2017-09-01 00:00:00+00:00,07460
2017-09-01 00:00:00+00:00,07471
2017-09-01 00:00:00+00:00,07481
2017-09-01 00:00:00+00:00,07577
2017-09-01 00:00:00+00:00,07280
2017-09-01 00:00:00+00:00,07110
2017-09-01 00:00:00+00:00,07117
2017-09-01 00:00:00+00:00,07130
2017-09-01 00:00:00+00:00,07240
2017-09-01 00:00:00+00:00,07255
2017-09-01 00:00:00+00:00,07761
2017-09-01 00:00:00+00:00,07790
2017-09-01 00:00:00+00:00,07072
2017-09-01 00:00:00+00:00,07168
2017-09-01 00:00:00+00:00,07181
2017-09-01 00:00:00+00:00,07190
2017-09-01 00:00:00+00:00,07299
2017-09-01 00:00:00+00:00,07005
2017-09-01 00:00:00+00:00,07015
2017-09-01 00:00:00+00:00,07020
2017-09-01 00:00:00+00:00,07027
2017-09-01 00:00:00+00:00,07037
2017-09-01 00:00:00+00:00,07139
2017-09-01 00:00:00+00:00,07314
2017-09-01 00:00:00+00:00,07335
2017-09-01 00:00:00+00:00,07434
2017-09-01 00:00:00+00:00,07510
2017-09-01 00:00:00+00:00,07607
2017-09-01 00:00:00+00:00,07535
2017-09-01 00:00:00+00:00,07558
2017-09-01 00:00:00+00:00,07621
2017-09-01 00:00:00+00:00,07627
2017-09-01 00:00:00+00:00,07630
2017-09-01 00:00:00+00:00,07643
2017-09-01 00:00:00+00:00,07747
2017-09-01 00:00:00+00:00,07222
2017-09-01 00:00:00+00:00,07591
2017-09-01 00:00:00+00:00,07650
2017-09-01 00:00:00+00:00,07690
2017-09-01 00:00:00+00:00,07149
2017-11-14 03:00:00+00:00,07460
2017-11-14 03:00:00+00:00,07471
2017-11-14 03:00:00+00:00,07481
2017-11-14 03:00:00+00:00,07577
2017-11-14 03:00:00+00:00,07280
2017-11-14 03:00:00+00:00,07110
2017-11-14 03:00:00+00:00,07117
2017-11-14 03:00:00+00:00,07130
2017-11-14 03:00:00+00:00,07240
2017-11-14 03:00:00+00:00,07255
2017-11-14 03:00:00+00:00,07761
2017-11-14 03:00:00+00:00,07790
2017-11-14 03:00:00+00:00,07072
2017-11-14 03:00:00+00:00,07168
2017-11-14 03:00:00+00:00,07181
2017-11-14 03:00:00+00:00,07190
2017-11-14 03:00:00+00:00,07299
2017-11-14 03:00:00+00:00,07005
2017-11-14 03:00:00+00:00,07015
2017-11-14 03:00:00+00:00,07020
2017-11-14 03:00:00+00:00,07027
2017-11-14 03:00:00+00:00,07037
2017-11-14 03:00:00+00:00,07139
2017-11-14 03:00:00+00:00,07314
2017-11-14 03:00:00+00:00,07335
2017-11-14 03:00:00+00:00,07434
2017-11-14 03:00:00+00:00,07510
2017-11-14 03:00:00+00:00,07607
2017-11-14 03:00:00+00:00,07535
2017-11-14 03:00:00+00:00,07558
2017-11-14 03:00:00+00:00,07621
2017-11-14 03:00:00+00:00,07627
2017-11-14 03:00:00+00:00,07630
2017-11-14 03:00:00+00:00,07643
2017-11-14 03:00:00+00:00,07747
2017-11-14 03:00:00+00:00,07222
2017-11-14 03:00:00+00:00,07591
2017-11-14 03:00:00+00:00,07650
2017-11-14 03:00:00+00:00,07690
2017-11-14 03:00:00+00:00,07149
2017-11-14 06:00:00+00:00,07460
2017-11-14 06:00:00+00:00,07471
2017-11-14 06:00:00+00:00,07481
2017-11-14 06:00:00+00:00,07577
2017-11-14 06:00:00+00:00,07280
2017-11-14 06:00:00+00:00,07110
2017-11-14 06:00:00+00:00,07117
2017-11-14 06:00:00+00:00,07130
2017-11-14 06:00:00+00:00,07240
2017-11-14 06:00:00+00:00,07255
2017-11-14 06:00:00+00:00,07761
2017-11-14 06:00:00+00:00,07790
2017-11-14 06:00:00+00:00,07072
2017-11-14 06:00:00+00:00,07168
2017-11-14 06:00:00+00:00,07181
2017-11-14 06:00:00+00:00,07190
2017-11-14 06:00:00+00:00,07299
2017-11-14 06:00:00+00:00,07005
2017-11-14 06:00:00+00:00,07015
2017-11-14 06:00:00+00:00,07020
2017-11-14 06:00:00+00:00,07027
2017-11-14 06:00:00+00:00,07037
2017-11-14 06:00:00+00:00,07139
2017-11-14 06:00:00+00:00,07314
2017-11-14 06:00:00+00:00,07335
2017-11-14 06:00:00+00:00,07434
2017-11-14 06:00:00+00:00,07510
2017-11-14 06:00:00+00:00,07607
2017-11-14 06:00:00+00:00,07535
2017-11-14 06:00:00+00:00,07558
2017-11-14 06:00:00+00:00,07621
2017-11-14 06:00:00+00:00,07627
2017-11-14 06:00:00+00:00,07630
2017-11-14 06:00:00+00:00,07643
2017-11-14 06:00:00+00:00,07747
2017-11-14 06:00:00+00:00,07222
2017-11-14 06:00:00+00:00,07591
2017-11-14 06:00:00+00:00,07650
2017-11-14 06:00:00+00:00,07690
2017-11-14 06:00:00+00:00,07149
2017-11-29 03:00:00+00:00,07460
2017-11-29 03:00:00+00:00,07471
2017-11-29 03:00:00+00:00,07481
2017-11-29 03:00:00+00:00,07577
2017-11-29 03:00:00+00:00,07280
2017-11-29 03:00:00+00:00,07110
2017-11-29 03:00:00+00:00,07117
2017-11-29 03:00:00+00:00,07130
2017-11-29 03:00:00+00:00,07240
2017-11-29 03:00:00+00:00,07255
2017-11-29 03:00:00+00:00,07761
2017-11-29 03:00:00+00:00,07790
2017-11-29 03:00:00+00:00,07072
2017-11-29 03:00:00+00:00,07168
2017-11-29 03:00:00+00:00,07181
2017-11-29 03:00:00+00:00,07190
2017-11-29 03:00:00+00:00,07299
2017-11-29 03:00:00+00:00,07005
2017-11-29 03:00:00+00:00,07015
2017-11-29 03:00:00+00:00,07020
2017-11-29 03:00:00+00:00,07027
2017-11-29 03:00:00+00:00,07037
2017-11-29 03:00:00+00:00,07139
2017-11-29 03:00:00+00:00,07314
2017-11-29 03:00:00+00:00,07335
2017-11-29 03:00:00+00:00,07434
2017-11-29 03:00:00+00:00,07510
2017-11-29 03:00:00+00:00,07607
2017-11-29 03:00:00+00:00,07535
2017-11-29 03:00:00+00:00,07558
2017-11-29 03:00:00+00:00,07621
2017-11-29 03:00:00+00:00,07627
2017-11-29 03:00:00+00:00,07630
2017-11-29 03:00:00+00:00,07643
2017-11-29 03:00:00+00:00,07747
2017-11-29 03:00:00+00:00,07222
2017-11-29 03:00:00+00:00,07591
2017-11-29 03:00:00+00:00,07650
2017-11-29 03:00:00+00:00,07690
2017-11-29 03:00:00+00:00,07149
2017-12-21 06:00:00+00:00,07460
2017-12-21 06:00:00+00:00,07471
2017-12-21 06:00:00+00:00,07481
2017-12-21 06:00:00+00:00,07577
2017-12-21 06:00:00+00:00,07280
2017-12-21 06:00:00+00:00,07110
2017-12-21 06:00:00+00:00,07117
2017-12-21 06:00:00+00:00,07130
2017-12-21 06:00:00+00:00,07240
2017-12-21 06:00:00+00:00,07255
2017-12-21 06:00:00+00:00,07761
2017-12-21 06:00:00+00:00,07790
2017-12-21 06:00:00+00:00,07072
2017-12-21 06:00:00+00:00,07168
2017-12-21 06:00:00+00:00,07181
2017-12-21 06:00:00+00:00,07190
2017-12-21 06:00:00+00:00,07299
2017-12-21 06:00:00+00:00,07005
2017-12-21 06:00:00+00:00,07015
2017-12-21 06:00:00+00:00,07020
2017-12-21 06:00:00+00:00,07027
2017-12-21 06:00:00+00:00,07037
2017-12-21 06:00:00+00:00,07139
2017-12-21 06:00:00+00:00,07314
2017-12-21 06:00:00+00:00,07335
2017-12-21 06:00:00+00:00,07434
2017-12-21 06:00:00+00:00,07510
2017-12-21 06:00:00+00:00,07607
2017-12-21 06:00:00+00:00,07535
2017-12-21 06:00:00+00:00,07558
2017-12-21 06:00:00+00:00,07621
2017-12-21 06:00:00+00:00,07627
2017-12-21 06:00:00+00:00,07630
2017-12-21 06:00:00+00:00,07643
2017-12-21 06:00:00+00:00,07747
2017-12-21 06:00:00+00:00,07222
2017-12-21 06:00:00+00:00,07591
2017-12-21 06:00:00+00:00,07650
2017-12-21 06:00:00+00:00,07690
2017-12-21 06:00:00+00:00,07149
2018-07-13 00:00:00+00:00,07460
2018-07-13 00:00:00+00:00,07471
2018-07-13 00:00:00+00:00,07481
2018-07-13 00:00:00+00:00,07577
2018-07-13 00:00:00+00:00,07280
2018-07-13 00:00:00+00:00,07110
2018-07-13 00:00:00+00:00,07117
2018-07-13 00:00:00+00:00,07130
2018-07-13 00:00:00+00:00,07240
2018-07-13 00:00:00+00:00,07255
2018-07-13 00:00:00+00:00,07761
2018-07-13 00:00:00+00:00,07790
2018-07-13 00:00:00+00:00,07072
2018-07-13 00:00:00+00:00,07168
2018-07-13 00:00:00+00:00,07181
2018-07-13 00:00:00+00:00,07190
2018-07-13 00:00:00+00:00,07299
2018-07-13 00:00:00+00:00,07005
2018-07-13 00:00:00+00:00,07015
2018-07-13 00:00:00+00:00,07020
2018-07-13 00:00:00+00:00,07027
2018-07-13 00:00:00+00:00,07037
2018-07-13 00:00:00+00:00,07139
2018-07-13 00:00:00+00:00,07314
2018-07-13 00:00:00+00:00,07335
2018-07-13 00:00:00+00:00,07434
2018-07-13 00:00:00+00:00,07510
2018-07-13 00:00:00+00:00,07607
2018-07-13 00:00:00+00:00,07535
2018-07-13 00:00:00+00:00,07558
2018-07-13 00:00:00+00:00,07621
2018-07-13 00:00:00+00:00,07627
2018-07-13 00:00:00+00:00,07630
2018-07-13 00:00:00+00:00,07643
2018-07-13 00:00:00+00:00,07747
2018-07-13 00:00:00+00:00,07222
2018-07-13 00:00:00+00:00,07591
2018-07-13 00:00:00+00:00,07650
2018-07-13 00:00:00+00:00,07690
2018-07-13 00:00:00+00:00,07149
2018-07-13 03:00:00+00:00,07460
2018-07-13 03:00:00+00:00,07471
2018-07-13 03:00:00+00:00,07481
2018-07-13 03:00:00+00:00,07577
2018-07-13 03:00:00+00:00,07280
2018-07-13 03:00:00+00:00,07110
2018-07-13 03:00:00+00:00,07117
2018-07-13 03:00:00+00:00,07130
2018-07-13 03:00:00+00:00,07240
2018-07-13 03:00:00+00:00,07255
2018-07-13 03:00:00+00:00,07761
2018-07-13 03:00:00+00:00,07790
2018-07-13 03:00:00+00:00,07072
2018-07-13 03:00:00+00:00,07168
2018-07-13 03:00:00+00:00,07181
2018-07-13 03:00:00+00:00,07190
2018-07-13 03:00:00+00:00,07299
2018-07-13 03:00:00+00:00,07005
2018-07-13 03:00:00+00:00,07015
2018-07-13 03:00:00+00:00,07020
2018-07-13 03:00:00+00:00,07027
2018-07-13 03:00:00+00:00,07037
2018-07-13 03:00:00+00:00,07139
2018-07-13 03:00:00+00:00,07314
2018-07-13 03:00:00+00:00,07335
2018-07-13 03:00:00+00:00,07434
2018-07-13 03:00:00+00:00,07510
2018-07-13 03:00:00+00:00,07607
2018-07-13 03:00:00+00:00,07535
2018-07-13 03:00:00+00:00,07558
2018-07-13 03:00:00+00:00,07621
2018-07-13 03:00:00+00:00,07627
2018-07-13 03:00:00+00:00,07630
2018-07-13 03:00:00+00:00,07643
2018-07-13 03:00:00+00:00,07747
2018-07-13 03:00:00+00:00,07222
2018-07-13 03:00:00+00:00,07591
2018-07-13 03:00:00+00:00,07650
2018-07-13 03:00:00+00:00,07690
2018-07-13 03:00:00+00:00,07149
2018-07-13 06:00:00+00:00,07460
2018-07-13 06:00:00+00:00,07471
2018-07-13 06:00:00+00:00,07481
2018-07-13 06:00:00+00:00,07577
2018-07-13 06:00:00+00:00,07280
2018-07-13 06:00:00+00:00,07110
2018-07-13 06:00:00+00:00,07117
2018-07-13 06:00:00+00:00,07130
2018-07-13 06:00:00+00:00,07240
2018-07-13 06:00:00+00:00,07255
2018-07-13 06:00:00+00:00,07761
2018-07-13 06:00:00+00:00,07790
2018-07-13 06:00:00+00:00,07072
2018-07-13 06:00:00+00:00,07168
2018-07-13 06:00:00+00:00,07181
2018-07-13 06:00:00+00:00,07190
2018-07-13 06:00:00+00:00,07299
2018-07-13 06:00:00+00:00,07005
2018-07-13 06:00:00+00:00,07015
2018-07-13 06:00:00+00:00,07020
2018-07-13 06:00:00+00:00,07027
2018-07-13 06:00:00+00:00,07037
2018-07-13 06:00:00+00:00,07139
2018-07-13 06:00:00+00:00,07314
2018-07-13 06:00:00+00:00,07335
2018-07-13 06:00:00+00:00,07434
2018-07-13 06:00:00+00:00,07510
2018-07-13 06:00:00+00:00,07607
2018-07-13 06:00:00+00:00,07535
2018-07-13 06:00:00+00:00,07558
2018-07-13 06:00:00+00:00,07621
2018-07-13 06:00:00+00:00,07627
2018-07-13 06:00:00+00:00,07630
2018-07-13 06:00:00+00:00,07643
2018-07-13 06:00:00+00:00,07747
2018-07-13 06:00:00+00:00,07222
2018-07-13 06:00:00+00:00,07591
2018-07-13 06:00:00+00:00,07650
2018-07-13 06:00:00+00:00,07690
2018-07-13 06:00:00+00:00,07149
2018-10-28 09:00:00+00:00,07460
2018-10-28 09:00:00+00:00,07471
2018-10-28 09:00:00+00:00,07481
2018-10-28 09:00:00+00:00,07577
2018-10-28 09:00:00+00:00,07280
2018-10-28 09:00:00+00:00,07110
2018-10-28 09:00:00+00:00,07117
2018-10-28 09:00:00+00:00,07130
2018-10-28 09:00:00+00:00,07240
2018-10-28 09:00:00+00:00,07255
2018-10-28 09:00:00+00:00,07761
2018-10-28 09:00:00+00:00,07790
2018-10-28 09:00:00+00:00,07072
2018-10-28 09:00:00+00:00,07168
2018-10-28 09:00:00+00:00,07181
2018-10-28 09:00:00+00:00,07190
2018-10-28 09:00:00+00:00,07299
2018-10-28 09:00:00+00:00,07005
2018-10-28 09:00:00+00:00,07015
2018-10-28 09:00:00+00:00,07020
2018-10-28 09:00:00+00:00,07027
2018-10-28 09:00:00+00:00,07037
2018-10-28 09:00:00+00:00,07139
2018-10-28 09:00:00+00:00,07314
2018-10-28 09:00:00+00:00,07335
2018-10-28 09:00:00+00:00,07434
2018-10-28 09:00:00+00:00,07510
2018-10-28 09:00:00+00:00,07607
2018-10-28 09:00:00+00:00,07535
2018-10-28 09:00:00+00:00,07558
2018-10-28 09:00:00+00:00,07621
2018-10-28 09:00:00+00:00,07627
2018-10-28 09:00:00+00:00,07630
2018-10-28 09:00:00+00:00,07643
2018-10-28 09:00:00+00:00,07747
2018-10-28 09:00:00+00:00,07222
2018-10-28 09:00:00+00:00,07591
2018-10-28 09:00:00+00:00,07650
2018-10-28 09:00:00+00:00,07690
2018-10-28 09:00:00+00:00,07149
2018-10-28 12:00:00+00:00,07460
2018-10-28 12:00:00+00:00,07471
2018-10-28 12:00:00+00:00,07481
2018-10-28 12:00:00+00:00,07577
2018-10-28 12:00:00+00:00,07280
2018-10-28 12:00:00+00:00,07110
2018-10-28 12:00:00+00:00,07117
2018-10-28 12:00:00+00:00,07130
2018-10-28 12:00:00+00:00,07240
2018-10-28 12:00:00+00:00,07255
2018-10-28 12:00:00+00:00,07761
2018-10-28 12:00:00+00:00,07790
2018-10-28 12:00:00+00:00,07072
2018-10-28 12:00:00+00:00,07168
2018-10-28 12:00:00+00:00,07181
2018-10-28 12:00:00+00:00,07190
2018-10-28 12:00:00+00:00,07299
2018-10-28 12:00:00+00:00,07005
2018-10-28 12:00:00+00:00,07015
2018-10-28 12:00:00+00:00,07020
2018-10-28 12:00:00+00:00,07027
2018-10-28 12:00:00+00:00,07037
2018-10-28 12:00:00+00:00,07139
2018-10-28 12:00:00+00:00,07314
2018-10-28 12:00:00+00:00,07335
2018-10-28 12:00:00+00:00,07434
2018-10-28 12:00:00+00:00,07510
2018-10-28 12:00:00+00:00,07607
2018-10-28 12:00:00+00:00,07535
2018-10-28 12:00:00+00:00,07558
2018-10-28 12:00:00+00:00,07621
2018-10-28 12:00:00+00:00,07627
2018-10-28 12:00:00+00:00,07630
2018-10-28 12:00:00+00:00,07643
2018-10-28 12:00:00+00:00,07747
2018-10-28 12:00:00+00:00,07222
2018-10-28 12:00:00+00:00,07591
2018-10-28 12:00:00+00:00,07650
2018-10-28 12:00:00+00:00,07690
2018-10-28 12:00:00+00:00,07149
2019-07-02 03:00:00+00:00,07460
2019-07-02 03:00:00+00:00,07471
2019-07-02 03:00:00+00:00,07481
2019-07-02 03:00:00+00:00,07577
2019-07-02 03:00:00+00:00,07280
2019-07-02 03:00:00+00:00,07110
2019-07-02 03:00:00+00:00,07117
2019-07-02 03:00:00+00:00,07130
2019-07-02 03:00:00+00:00,07240
2019-07-02 03:00:00+00:00,07255
2019-07-02 03:00:00+00:00,07761
2019-07-02 03:00:00+00:00,07790
2019-07-02 03:00:00+00:00,07072
2019-07-02 03:00:00+00:00,07168
2019-07-02 03:00:00+00:00,07181
2019-07-02 03:00:00+00:00,07190
2019-07-02 03:00:00+00:00,07299
2019-07-02 03:00:00+00:00,07005
2019-07-02 03:00:00+00:00,07015
2019-07-02 03:00:00+00:00,07020
2019-07-02 03:00:00+00:00,07027
2019-07-02 03:00:00+00:00,07037
2019-07-02 03:00:00+00:00,07139
2019-07-02 03:00:00+00:00,07314
2019-07-02 03:00:00+00:00,07335
2019-07-02 03:00:00+00:00,07434
2019-07-02 03:00:00+00:00,07510
2019-07-02 03:00:00+00:00,07607
2019-07-02 03:00:00+00:00,07535
2019-07-02 03:00:00+00:00,07558
2019-07-02 03:00:00+00:00,07621
2019-07-02 03:00:00+00:00,07627
2019-07-02 03:00:00+00:00,07630
2019-07-02 03:00:00+00:00,07643
2019-07-02 03:00:00+00:00,07747
2019-07-02 03:00:00+00:00,07222
2019-07-02 03:00:00+00:00,07591
2019-07-02 03:00:00+00:00,07650
2019-07-02 03:00:00+00:00,07690
2019-07-02 03:00:00+00:00,07149
2019-07-02 06:00:00+00:00,07460
2019-07-02 06:00:00+00:00,07471
2019-07-02 06:00:00+00:00,07481
2019-07-02 06:00:00+00:00,07577
2019-07-02 06:00:00+00:00,07280
2019-07-02 06:00:00+00:00,07110
2019-07-02 06:00:00+00:00,07117
2019-07-02 06:00:00+00:00,07130
2019-07-02 06:00:00+00:00,07240
2019-07-02 06:00:00+00:00,07255
2019-07-02 06:00:00+00:00,07761
2019-07-02 06:00:00+00:00,07790
2019-07-02 06:00:00+00:00,07072
2019-07-02 06:00:00+00:00,07168
2019-07-02 06:00:00+00:00,07181
2019-07-02 06:00:00+00:00,07190
2019-07-02 06:00:00+00:00,07299
2019-07-02 06:00:00+00:00,07005
2019-07-02 06:00:00+00:00,07015
2019-07-02 06:00:00+00:00,07020
2019-07-02 06:00:00+00:00,07027
2019-07-02 06:00:00+00:00,07037
2019-07-02 06:00:00+00:00,07139
2019-07-02 06:00:00+00:00,07314
2019-07-02 06:00:00+00:00,07335
2019-07-02 06:00:00+00:00,07434
2019-07-02 06:00:00+00:00,07510
2019-07-02 06:00:00+00:00,07607
2019-07-02 06:00:00+00:00,07535
2019-07-02 06:00:00+00:00,07558
2019-07-02 06:00:00+00:00,07621
2019-07-02 06:00:00+00:00,07627
2019-07-02 06:00:00+00:00,07630
2019-07-02 06:00:00+00:00,07643
2019-07-02 06:00:00+00:00,07747
2019-07-02 06:00:00+00:00,07222
2019-07-02 06:00:00+00:00,07591
2019-07-02 06:00:00+00:00,07650
2019-07-02 06:00:00+00:00,07690
2019-07-02 06:00:00+00:00,07149
2020-04-27 12:00:00+00:00,07460
2020-04-27 12:00:00+00:00,07471
2020-04-27 12:00:00+00:00,07481
2020-04-27 12:00:00+00:00,07577
2020-04-27 12:00:00+00:00,07280
2020-04-27 12:00:00+00:00,07110
2020-04-27 12:00:00+00:00,07117
2020-04-27 12:00:00+00:00,07130
2020-04-27 12:00:00+00:00,07240
2020-04-27 12:00:00+00:00,07255
2020-04-27 12:00:00+00:00,07761
2020-04-27 12:00:00+00:00,07790
2020-04-27 12:00:00+00:00,07072
2020-04-27 12:00:00+00:00,07168
2020-04-27 12:00:00+00:00,07181
2020-04-27 12:00:00+00:00,07190
2020-04-27 12:00:00+00:00,07299
2020-04-27 12:00:00+00:00,07005
2020-04-27 12:00:00+00:00,07015
2020-04-27 12:00:00+00:00,07020
2020-04-27 12:00:00+00:00,07027
2020-04-27 12:00:00+00:00,07037
2020-04-27 12:00:00+00:00,07139
2020-04-27 12:00:00+00:00,07314
2020-04-27 12:00:00+00:00,07335
2020-04-27 12:00:00+00:00,07434
2020-04-27 12:00:00+00:00,07510
2020-04-27 12:00:00+00:00,07607
2020-04-27 12:00:00+00:00,07535
2020-04-27 12:00:00+00:00,07558
2020-04-27 12:00:00+00:00,07621
2020-04-27 12:00:00+00:00,07627
2020-04-27 12:00:00+00:00,07630
2020-04-27 12:00:00+00:00,07643
2020-04-27 12:00:00+00:00,07747
2020-04-27 12:00:00+00:00,07222
2020-04-27 12:00:00+00:00,07591
2020-04-27 12:00:00+00:00,07650
2020-04-27 12:00:00+00:00,07690
2020-04-27 12:00:00+00:00,07149
2020-05-18 21:00:00+00:00,07110
2020-05-18 21:00:00+00:00,07117
2020-05-18 21:00:00+00:00,07072
2020-05-18 21:00:00+00:00,07168
2020-05-18 21:00:00+00:00,07139
2020-05-18 21:00:00+00:00,07149
2020-12-05 03:00:00+00:00,07460
2020-12-05 03:00:00+00:00,07471
2020-12-05 03:00:00+00:00,07481
2020-12-05 03:00:00+00:00,07577
2020-12-05 03:00:00+00:00,07280
2020-12-05 03:00:00+00:00,07110
2020-12-05 03:00:00+00:00,07117
2020-12-05 03:00:00+00:00,07130
2020-12-05 03:00:00+00:00,07240
2020-12-05 03:00:00+00:00,07255
2020-12-05 03:00:00+00:00,07761
2020-12-05 03:00:00+00:00,07790
2020-12-05 03:00:00+00:00,07072
2020-12-05 03:00:00+00:00,07168
2020-12-05 03:00:00+00:00,07181
2020-12-05 03:00:00+00:00,07190
2020-12-05 03:00:00+00:00,07299
2020-12-05 03:00:00+00:00,07005
2020-12-05 03:00:00+00:00,07015
2020-12-05 03:00:00+00:00,07020
2020-12-05 03:00:00+00:00,07027
2020-12-05 03:00:00+00:00,07037
2020-12-05 03:00:00+00:00,07139
2020-12-05 03:00:00+00:00,07314
2020-12-05 03:00:00+00:00,07335
2020-12-05 03:00:00+00:00,07434
2020-12-05 03:00:00+00:00,07510
2020-12-05 03:00:00+00:00,07607
2020-12-05 03:00:00+00:00,07535
2020-12-05 03:00:00+00:00,07558
2020-12-05 03:00:00+00:00,07621
2020-12-05 03:00:00+00:00,07627
2020-12-05 03:00:00+00:00,07630
2020-12-05 03:00:00+00:00,07643
2020-12-05 03:00:00+00:00,07747
2020-12-05 03:00:00+00:00,07222
2020-12-05 03:00:00+00:00,07591
2020-12-05 03:00:00+00:00,07650
2020-12-05 03:00:00+00:00,07690
2020-12-05 03:00:00+00:00,07149
2021-12-05 00:00:00+00:00,07460
2021-12-05 00:00:00+00:00,07471
2021-12-05 00:00:00+00:00,07481
2021-12-05 00:00:00+00:00,07577
2021-12-05 00:00:00+00:00,07280
2021-12-05 00:00:00+00:00,07110
2021-12-05 00:00:00+00:00,07117
2021-12-05 00:00:00+00:00,07130
2021-12-05 00:00:00+00:00,07240
2021-12-05 00:00:00+00:00,07255
2021-12-05 00:00:00+00:00,07761
2021-12-05 00:00:00+00:00,07790
2021-12-05 00:00:00+00:00,07072
2021-12-05 00:00:00+00:00,07168
2021-12-05 00:00:00+00:00,07181
2021-12-05 00:00:00+00:00,07190
2021-12-05 00:00:00+00:00,07299
2021-12-05 00:00:00+00:00,07005
2021-12-05 00:00:00+00:00,07015
2021-12-05 00:00:00+00:00,07020
2021-12-05 00:00:00+00:00,07027
2021-12-05 00:00:00+00:00,07037
2021-12-05 00:00:00+00:00,07139
2021-12-05 00:00:00+00:00,07314
2021-12-05 00:00:00+00:00,07335
2021-12-05 00:00:00+00:00,07434
2021-12-05 00:00:00+00:00,07510
2021-12-05 00:00:00+00:00,07607
2021-12-05 00:00:00+00:00,07535
2021-12-05 00:00:00+00:00,07558
2021-12-05 00:00:00+00:00,07621
2021-12-05 00:00:00+00:00,07627
2021-12-05 00:00:00+00:00,07630
2021-12-05 00:00:00+00:00,07643
2021-12-05 00:00:00+00:00,07747
2021-12-05 00:00:00+00:00,07222
2021-12-05 00:00:00+00:00,07591
2021-12-05 00:00:00+00:00,07650
2021-12-05 00:00:00+00:00,07690
2021-12-05 00:00:00+00:00,07149
2021-12-06 00:00:00+00:00,07460
2021-12-06 00:00:00+00:00,07471
2021-12-06 00:00:00+00:00,07481
2021-12-06 00:00:00+00:00,07577
2021-12-06 00:00:00+00:00,07280
2021-12-06 00:00:00+00:00,07110
2021-12-06 00:00:00+00:00,07117
2021-12-06 00:00:00+00:00,07130
2021-12-06 00:00:00+00:00,07240
2021-12-06 00:00:00+00:00,07255
2021-12-06 00:00:00+00:00,07761
2021-12-06 00:00:00+00:00,07790
2021-12-06 00:00:00+00:00,07072
2021-12-06 00:00:00+00:00,07168
2021-12-06 00:00:00+00:00,07181
2021-12-06 00:00:00+00:00,07190
2021-12-06 00:00:00+00:00,07299
2021-12-06 00:00:00+00:00,07005
2021-12-06 00:00:00+00:00,07015
2021-12-06 00:00:00+00:00,07020
2021-12-06 00:00:00+00:00,07027
2021-12-06 00:00:00+00:00,07037
2021-12-06 00:00:00+00:00,07139
2021-12-06 00:00:00+00:00,07314
2021-12-06 00:00:00+00:00,07335
2021-12-06 00:00:00+00:00,07434
2021-12-06 00:00:00+00:00,07510
2021-12-06 00:00:00+00:00,07607
2021-12-06 00:00:00+00:00,07535
2021-12-06 00:00:00+00:00,07558
2021-12-06 00:00:00+00:00,07621
2021-12-06 00:00:00+00:00,07627
2021-12-06 00:00:00+00:00,07630
2021-12-06 00:00:00+00:00,07643
2021-12-06 00:00:00+00:00,07747
2021-12-06 00:00:00+00:00,07222
2021-12-06 00:00:00+00:00,07591
2021-12-06 00:00:00+00:00,07650
2021-12-06 00:00:00+00:00,07690
2021-12-06 00:00:00+00:00,07149
2023-02-01 12:00:00+00:00,07460
2023-02-01 12:00:00+00:00,07471
2023-02-01 12:00:00+00:00,07481
2023-02-01 12:00:00+00:00,07577
2023-02-01 12:00:00+00:00,07280
2023-02-01 12:00:00+00:00,07110
2023-02-01 12:00:00+00:00,07117
2023-02-01 12:00:00+00:00,07130
2023-02-01 12:00:00+00:00,07240
2023-02-01 12:00:00+00:00,07255
2023-02-01 12:00:00+00:00,07761
2023-02-01 12:00:00+00:00,07790
2023-02-01 12:00:00+00:00,07072
2023-02-01 12:00:00+00:00,07168
2023-02-01 12:00:00+00:00,07181
2023-02-01 12:00:00+00:00,07190
2023-02-01 12:00:00+00:00,07299
2023-02-01 12:00:00+00:00,07005
2023-02-01 12:00:00+00:00,07015
2023-02-01 12:00:00+00:00,07020
2023-02-01 12:00:00+00:00,07027
2023-02-01 12:00:00+00:00,07037
2023-02-01 12:00:00+00:00,07139
2023-02-01 12:00:00+00:00,07314
2023-02-01 12:00:00+00:00,07335
2023-02-01 12:00:00+00:00,07434
2023-02-01 12:00:00+00:00,07510
2023-02-01 12:00:00+00:00,07607
2023-02-01 12:00:00+00:00,07535
2023-02-01 12:00:00+00:00,07558
2023-02-01 12:00:00+00:00,07621
2023-02-01 12:00:00+00:00,07627
2023-02-01 12:00:00+00:00,07630
2023-02-01 12:00:00+00:00,07643
2023-02-01 12:00:00+00:00,07747
2023-02-01 12:00:00+00:00,07222
2023-02-01 12:00:00+00:00,07591
2023-02-01 12:00:00+00:00,07650
2023-02-01 12:00:00+00:00,07690
2023-02-01 12:00:00+00:00,07149
2023-02-01 15:00:00+00:00,07460
2023-02-01 15:00:00+00:00,07471
2023-02-01 15:00:00+00:00,07481
2023-02-01 15:00:00+00:00,07577
2023-02-01 15:00:00+00:00,07280
2023-02-01 15:00:00+00:00,07110
2023-02-01 15:00:00+00:00,07117
2023-02-01 15:00:00+00:00,07130
2023-02-01 15:00:00+00:00,07240
2023-02-01 15:00:00+00:00,07255
2023-02-01 15:00:00+00:00,07761
2023-02-01 15:00:00+00:00,07790
2023-02-01 15:00:00+00:00,07072
2023-02-01 15:00:00+00:00,07168
2023-02-01 15:00:00+00:00,07181
2023-02-01 15:00:00+00:00,07190
2023-02-01 15:00:00+00:00,07299
2023-02-01 15:00:00+00:00,07005
2023-02-01 15:00:00+00:00,07015
2023-02-01 15:00:00+00:00,07020
2023-02-01 15:00:00+00:00,07027
2023-02-01 15:00:00+00:00,07037
2023-02-01 15:00:00+00:00,07139
2023-02-01 15:00:00+00:00,07314
2023-02-01 15:00:00+00:00,07335
2023-02-01 15:00:00+00:00,07434
2023-02-01 15:00:00+00:00,07510
2023-02-01 15:00:00+00:00,07607
2023-02-01 15:00:00+00:00,07535
2023-02-01 15:00:00+00:00,07558
2023-02-01 15:00:00+00:00,07621
2023-02-01 15:00:00+00:00,07627
2023-02-01 15:00:00+00:00,07630
2023-02-01 15:00:00+00:00,07643
2023-02-01 15:00:00+00:00,07747
2023-02-01 15:00:00+00:00,07222
2023-02-01 15:00:00+00:00,07591
2023-02-01 15:00:00+00:00,07650
2023-02-01 15:00:00+00:00,07690
2023-02-01 15:00:00+00:00,07149
2023-02-05 21:00:00+00:00,07460
2023-02-05 21:00:00+00:00,07471
2023-02-05 21:00:00+00:00,07481
2023-02-05 21:00:00+00:00,07577
2023-02-05 21:00:00+00:00,07280
2023-02-05 21:00:00+00:00,07110
2023-02-05 21:00:00+00:00,07117
2023-02-05 21:00:00+00:00,07130
2023-02-05 21:00:00+00:00,07240
2023-02-05 21:00:00+00:00,07255
2023-02-05 21:00:00+00:00,07761
2023-02-05 21:00:00+00:00,07790
2023-02-05 21:00:00+00:00,07072
2023-02-05 21:00:00+00:00,07168
2023-02-05 21:00:00+00:00,07181
2023-02-05 21:00:00+00:00,07190
2023-02-05 21:00:00+00:00,07299
2023-02-05 21:00:00+00:00,07005
2023-02-05 21:00:00+00:00,07015
2023-02-05 21:00:00+00:00,07020
2023-02-05 21:00:00+00:00,07027
2023-02-05 21:00:00+00:00,07037
2023-02-05 21:00:00+00:00,07139
2023-02-05 21:00:00+00:00,07314
2023-02-05 21:00:00+00:00,07335
2023-02-05 21:00:00+00:00,07434
2023-02-05 21:00:00+00:00,07510
2023-02-05 21:00:00+00:00,07607
2023-02-05 21:00:00+00:00,07535
2023-02-05 21:00:00+00:00,07558
2023-02-05 21:00:00+00:00,07621
2023-02-05 21:00:00+00:00,07627
2023-02-05 21:00:00+00:00,07630
2023-02-05 21:00:00+00:00,07643
2023-02-05 21:00:00+00:00,07747
2023-02-05 21:00:00+00:00,07222
2023-02-05 21:00:00+00:00,07591
2023-02-05 21:00:00+00:00,07650
2023-02-05 21:00:00+00:00,07690
2023-02-05 21:00:00+00:00,07149
2023-02-06 00:00:00+00:00,07460
2023-02-06 00:00:00+00:00,07471
2023-02-06 00:00:00+00:00,07481
2023-02-06 00:00:00+00:00,07577
2023-02-06 00:00:00+00:00,07280
2023-02-06 00:00:00+00:00,07110
2023-02-06 00:00:00+00:00,07117
2023-02-06 00:00:00+00:00,07130
2023-02-06 00:00:00+00:00,07240
2023-02-06 00:00:00+00:00,07255
2023-02-06 00:00:00+00:00,07761
2023-02-06 00:00:00+00:00,07790
2023-02-06 00:00:00+00:00,07072
2023-02-06 00:00:00+00:00,07168
2023-02-06 00:00:00+00:00,07181
2023-02-06 00:00:00+00:00,07190
2023-02-06 00:00:00+00:00,07299
2023-02-06 00:00:00+00:00,07005
2023-02-06 00:00:00+00:00,07015
2023-02-06 00:00:00+00:00,07020
2023-02-06 00:00:00+00:00,07027
2023-02-06 00:00:00+00:00,07037
2023-02-06 00:00:00+00:00,07139
2023-02-06 00:00:00+00:00,07314
2023-02-06 00:00:00+00:00,07335
2023-02-06 00:00:00+00:00,07434
2023-02-06 00:00:00+00:00,07510
2023-02-06 00:00:00+00:00,07607
2023-02-06 00:00:00+00:00,07535
2023-02-06 00:00:00+00:00,07558
2023-02-06 00:00:00+00:00,07621
2023-02-06 00:00:00+00:00,07627
2023-02-06 00:00:00+00:00,07630
2023-02-06 00:00:00+00:00,07643
2023-02-06 00:00:00+00:00,07747
2023-02-06 00:00:00+00:00,07222
2023-02-06 00:00:00+00:00,07591
2023-02-06 00:00:00+00:00,07650
2023-02-06 00:00:00+00:00,07690
2023-02-06 00:00:00+00:00,07149
2023-02-06 03:00:00+00:00,07460
2023-02-06 03:00:00+00:00,07471
2023-02-06 03:00:00+00:00,07481
2023-02-06 03:00:00+00:00,07577
2023-02-06 03:00:00+00:00,07280
2023-02-06 03:00:00+00:00,07110
2023-02-06 03:00:00+00:00,07117
2023-02-06 03:00:00+00:00,07130
2023-02-06 03:00:00+00:00,07240
2023-02-06 03:00:00+00:00,07255
2023-02-06 03:00:00+00:00,07761
2023-02-06 03:00:00+00:00,07790
2023-02-06 03:00:00+00:00,07072
2023-02-06 03:00:00+00:00,07168
2023-02-06 03:00:00+00:00,07181
2023-02-06 03:00:00+00:00,07190
2023-02-06 03:00:00+00:00,07299
2023-02-06 03:00:00+00:00,07005
2023-02-06 03:00:00+00:00,07015
2023-02-06 03:00:00+00:00,07020
2023-02-06 03:00:00+00:00,07027
2023-02-06 03:00:00+00:00,07037
2023-02-06 03:00:00+00:00,07139
2023-02-06 03:00:00+00:00,07314
2023-02-06 03:00:00+00:00,07335
2023-02-06 03:00:00+00:00,07434
2023-02-06 03:00:00+00:00,07510
2023-02-06 03:00:00+00:00,07607
2023-02-06 03:00:00+00:00,07535
2023-02-06 03:00:00+00:00,07558
2023-02-06 03:00:00+00:00,07621
2023-02-06 03:00:00+00:00,07627
2023-02-06 03:00:00+00:00,07630
2023-02-06 03:00:00+00:00,07643
2023-02-06 03:00:00+00:00,07747
2023-02-06 03:00:00+00:00,07222
2023-02-06 03:00:00+00:00,07591
2023-02-06 03:00:00+00:00,07650
2023-02-06 03:00:00+00:00,07690
2023-02-06 03:00:00+00:00,07149
2023-07-24 09:00:00+00:00,07460
2023-07-24 09:00:00+00:00,07471
2023-07-24 09:00:00+00:00,07481
2023-07-24 09:00:00+00:00,07577
2023-07-24 09:00:00+00:00,07280
2023-07-24 09:00:00+00:00,07110
2023-07-24 09:00:00+00:00,07117
2023-07-24 09:00:00+00:00,07130
2023-07-24 09:00:00+00:00,07240
2023-07-24 09:00:00+00:00,07255
2023-07-24 09:00:00+00:00,07761
2023-07-24 09:00:00+00:00,07790
2023-07-24 09:00:00+00:00,07072
2023-07-24 09:00:00+00:00,07168
2023-07-24 09:00:00+00:00,07181
2023-07-24 09:00:00+00:00,07190
2023-07-24 09:00:00+00:00,07299
2023-07-24 09:00:00+00:00,07005
2023-07-24 09:00:00+00:00,07015
2023-07-24 09:00:00+00:00,07020
2023-07-24 09:00:00+00:00,07027
2023-07-24 09:00:00+00:00,07037
2023-07-24 09:00:00+00:00,07139
2023-07-24 09:00:00+00:00,07314
2023-07-24 09:00:00+00:00,07335
2023-07-24 09:00:00+00:00,07434
2023-07-24 09:00:00+00:00,07510
2023-07-24 09:00:00+00:00,07607
2023-07-24 09:00:00+00:00,07535
2023-07-24 09:00:00+00:00,07558
2023-07-24 09:00:00+00:00,07621
2023-07-24 09:00:00+00:00,07627
2023-07-24 09:00:00+00:00,07630
2023-07-24 09:00:00+00:00,07643
2023-07-24 09:00:00+00:00,07747
2023-07-24 09:00:00+00:00,07222
2023-07-24 09:00:00+00:00,07591
2023-07-24 09:00:00+00:00,07650
2023-07-24 09:00:00+00:00,07690
2023-07-24 09:00:00+00:00,07149
2023-07-24 12:00:00+00:00,07460
2023-07-24 12:00:00+00:00,07471
2023-07-24 12:00:00+00:00,07481
2023-07-24 12:00:00+00:00,07577
2023-07-24 12:00:00+00:00,07280
2023-07-24 12:00:00+00:00,07110
2023-07-24 12:00:00+00:00,07117
2023-07-24 12:00:00+00:00,07130
2023-07-24 12:00:00+00:00,07240
2023-07-24 12:00:00+00:00,07255
2023-07-24 12:00:00+00:00,07761
2023-07-24 12:00:00+00:00,07790
2023-07-24 12:00:00+00:00,07072
2023-07-24 12:00:00+00:00,07168
2023-07-24 12:00:00+00:00,07181
2023-07-24 12:00:00+00:00,07190
2023-07-24 12:00:00+00:00,07299
2023-07-24 12:00:00+00:00,07005
2023-07-24 12:00:00+00:00,07015
2023-07-24 12:00:00+00:00,07020
2023-07-24 12:00:00+00:00,07027
2023-07-24 12:00:00+00:00,07037
2023-07-24 12:00:00+00:00,07139
2023-07-24 12:00:00+00:00,07314
2023-07-24 12:00:00+00:00,07335
2023-07-24 12:00:00+00:00,07434
2023-07-24 12:00:00+00:00,07510
2023-07-24 12:00:00+00:00,07607
2023-07-24 12:00:00+00:00,07535
2023-07-24 12:00:00+00:00,07558
2023-07-24 12:00:00+00:00,07621
2023-07-24 12:00:00+00:00,07627
2023-07-24 12:00:00+00:00,07630
2023-07-24 12:00:00+00:00,07643
2023-07-24 12:00:00+00:00,07747
2023-07-24 12:00:00+00:00,07222
2023-07-24 12:00:00+00:00,07591
2023-07-24 12:00:00+00:00,07650
2023-07-24 12:00:00+00:00,07690
2023-07-24 12:00:00+00:00,07149
2023-07-24 15:00:00+00:00,07460
2023-07-24 15:00:00+00:00,07471
2023-07-24 15:00:00+00:00,07481
2023-07-24 15:00:00+00:00,07577
2023-07-24 15:00:00+00:00,07280
2023-07-24 15:00:00+00:00,07110
2023-07-24 15:00:00+00:00,07117
2023-07-24 15:00:00+00:00,07130
2023-07-24 15:00:00+00:00,07240
2023-07-24 15:00:00+00:00,07255
2023-07-24 15:00:00+00:00,07761
2023-07-24 15:00:00+00:00,07790
2023-07-24 15:00:00+00:00,07072
2023-07-24 15:00:00+00:00,07168
2023-07-24 15:00:00+00:00,07181
2023-07-24 15:00:00+00:00,07190
2023-07-24 15:00:00+00:00,07299
2023-07-24 15:00:00+00:00,07005
2023-07-24 15:00:00+00:00,07015
2023-07-24 15:00:00+00:00,07020
2023-07-24 15:00:00+00:00,07027
2023-07-24 15:00:00+00:00,07037
2023-07-24 15:00:00+00:00,07139
2023-07-24 15:00:00+00:00,07314
2023-07-24 15:00:00+00:00,07335
2023-07-24 15:00:00+00:00,07434
2023-07-24 15:00:00+00:00,07510
2023-07-24 15:00:00+00:00,07607
2023-07-24 15:00:00+00:00,07535
2023-07-24 15:00:00+00:00,07558
2023-07-24 15:00:00+00:00,07621
2023-07-24 15:00:00+00:00,07627
2023-07-24 15:00:00+00:00,07630
2023-07-24 15:00:00+00:00,07643
2023-07-24 15:00:00+00:00,07747
2023-07-24 15:00:00+00:00,07222
2023-07-24 15:00:00+00:00,07591
2023-07-24 15:00:00+00:00,07650
2023-07-24 15:00:00+00:00,07690
2023-07-24 15:00:00+00:00,07149
2023-07-24 18:00:00+00:00,07460
2023-07-24 18:00:00+00:00,07471
2023-07-24 18:00:00+00:00,07481
2023-07-24 18:00:00+00:00,07577
2023-07-24 18:00:00+00:00,07280
2023-07-24 18:00:00+00:00,07110
2023-07-24 18:00:00+00:00,07117
2023-07-24 18:00:00+00:00,07130
2023-07-24 18:00:00+00:00,07240
2023-07-24 18:00:00+00:00,07255
2023-07-24 18:00:00+00:00,07761
2023-07-24 18:00:00+00:00,07790
2023-07-24 18:00:00+00:00,07072
2023-07-24 18:00:00+00:00,07168
2023-07-24 18:00:00+00:00,07181
2023-07-24 18:00:00+00:00,07190
2023-07-24 18:00:00+00:00,07299
2023-07-24 18:00:00+00:00,07005
2023-07-24 18:00:00+00:00,07015
2023-07-24 18:00:00+00:00,07020
2023-07-24 18:00:00+00:00,07027
2023-07-24 18:00:00+00:00,07037
2023-07-24 18:00:00+00:00,07139
2023-07-24 18:00:00+00:00,07314
2023-07-24 18:00:00+00:00,07335
2023-07-24 18:00:00+00:00,07434
2023-07-24 18:00:00+00:00,07510
2023-07-24 18:00:00+00:00,07607
2023-07-24 18:00:00+00:00,07535
2023-07-24 18:00:00+00:00,07558
2023-07-24 18:00:00+00:00,07621
2023-07-24 18:00:00+00:00,07627
2023-07-24 18:00:00+00:00,07630
2023-07-24 18:00:00+00:00,07643
2023-07-24 18:00:00+00:00,07747
2023-07-24 18:00:00+00:00,07222
2023-07-24 18:00:00+00:00,07591
2023-07-24 18:00:00+00:00,07650
2023-07-24 18:00:00+00:00,07690
2023-07-24 18:00:00+00:00,07149
2023-07-24 21:00:00+00:00,07460
2023-07-24 21:00:00+00:00,07471
2023-07-24 21:00:00+00:00,07481
2023-07-24 21:00:00+00:00,07577
2023-07-24 21:00:00+00:00,07280
2023-07-24 21:00:00+00:00,07110
2023-07-24 21:00:00+00:00,07117
2023-07-24 21:00:00+00:00,07130
2023-07-24 21:00:00+00:00,07240
2023-07-24 21:00:00+00:00,07255
2023-07-24 21:00:00+00:00,07761
2023-07-24 21:00:00+00:00,07790
2023-07-24 21:00:00+00:00,07072
2023-07-24 21:00:00+00:00,07168
2023-07-24 21:00:00+00:00,07181
2023-07-24 21:00:00+00:00,07190
2023-07-24 21:00:00+00:00,07299
2023-07-24 21:00:00+00:00,07005
2023-07-24 21:00:00+00:00,07015
2023-07-24 21:00:00+00:00,07020
2023-07-24 21:00:00+00:00,07027
2023-07-24 21:00:00+00:00,07037
2023-07-24 21:00:00+00:00,07139
2023-07-24 21:00:00+00:00,07314
2023-07-24 21:00:00+00:00,07335
2023-07-24 21:00:00+00:00,07434
2023-07-24 21:00:00+00:00,07510
2023-07-24 21:00:00+00:00,07607
2023-07-24 21:00:00+00:00,07535
2023-07-24 21:00:00+00:00,07558
2023-07-24 21:00:00+00:00,07621
2023-07-24 21:00:00+00:00,07627
2023-07-24 21:00:00+00:00,07630
2023-07-24 21:00:00+00:00,07643
2023-07-24 21:00:00+00:00,07747
2023-07-24 21:00:00+00:00,07222
2023-07-24 21:00:00+00:00,07591
2023-07-24 21:00:00+00:00,07650
2023-07-24 21:00:00+00:00,07690
2023-07-24 21:00:00+00:00,07149
2023-07-25 00:00:00+00:00,07460
2023-07-25 00:00:00+00:00,07471
2023-07-25 00:00:00+00:00,07481
2023-07-25 00:00:00+00:00,07577
2023-07-25 00:00:00+00:00,07280
2023-07-25 00:00:00+00:00,07110
2023-07-25 00:00:00+00:00,07117
2023-07-25 00:00:00+00:00,07130
2023-07-25 00:00:00+00:00,07240
2023-07-25 00:00:00+00:00,07255
2023-07-25 00:00:00+00:00,07761
2023-07-25 00:00:00+00:00,07790
2023-07-25 00:00:00+00:00,07072
2023-07-25 00:00:00+00:00,07168
2023-07-25 00:00:00+00:00,07181
2023-07-25 00:00:00+00:00,07190
2023-07-25 00:00:00+00:00,07299
2023-07-25 00:00:00+00:00,07005
2023-07-25 00:00:00+00:00,07015
2023-07-25 00:00:00+00:00,07020
2023-07-25 00:00:00+00:00,07027
2023-07-25 00:00:00+00:00,07037
2023-07-25 00:00:00+00:00,07139
2023-07-25 00:00:00+00:00,07314
2023-07-25 00:00:00+00:00,07335
2023-07-25 00:00:00+00:00,07434
2023-07-25 00:00:00+00:00,07510
2023-07-25 00:00:00+00:00,07607
2023-07-25 00:00:00+00:00,07535
2023-07-25 00:00:00+00:00,07558
2023-07-25 00:00:00+00:00,07621
2023-07-25 00:00:00+00:00,07627
2023-07-25 00:00:00+00:00,07630
2023-07-25 00:00:00+00:00,07643
2023-07-25 00:00:00+00:00,07747
2023-07-25 00:00:00+00:00,07222
2023-07-25 00:00:00+00:00,07591
2023-07-25 00:00:00+00:00,07650
2023-07-25 00:00:00+00:00,07690
2023-07-25 00:00:00+00:00,07149
2023-07-25 03:00:00+00:00,07460
2023-07-25 03:00:00+00:00,07471
2023-07-25 03:00:00+00:00,07481
2023-07-25 03:00:00+00:00,07577
2023-07-25 03:00:00+00:00,07280
2023-07-25 03:00:00+00:00,07110
2023-07-25 03:00:00+00:00,07117
2023-07-25 03:00:00+00:00,07130
2023-07-25 03:00:00+00:00,07240
2023-07-25 03:00:00+00:00,07255
2023-07-25 03:00:00+00:00,07761
2023-07-25 03:00:00+00:00,07790
2023-07-25 03:00:00+00:00,07072
2023-07-25 03:00:00+00:00,07168
2023-07-25 03:00:00+00:00,07181
2023-07-25 03:00:00+00:00,07190
2023-07-25 03:00:00+00:00,07299
2023-07-25 03:00:00+00:00,07005
2023-07-25 03:00:00+00:00,07015
2023-07-25 03:00:00+00:00,07020
2023-07-25 03:00:00+00:00,07027
2023-07-25 03:00:00+00:00,07037
2023-07-25 03:00:00+00:00,07139
2023-07-25 03:00:00+00:00,07314
2023-07-25 03:00:00+00:00,07335
2023-07-25 03:00:00+00:00,07434
2023-07-25 03:00:00+00:00,07510
2023-07-25 03:00:00+00:00,07607
2023-07-25 03:00:00+00:00,07535
2023-07-25 03:00:00+00:00,07558
2023-07-25 03:00:00+00:00,07621
2023-07-25 03:00:00+00:00,07627
2023-07-25 03:00:00+00:00,07630
2023-07-25 03:00:00+00:00,07643
2023-07-25 03:00:00+00:00,07747
2023-07-25 03:00:00+00:00,07222
2023-07-25 03:00:00+00:00,07591
2023-07-25 03:00:00+00:00,07650
2023-07-25 03:00:00+00:00,07690
2023-07-25 03:00:00+00:00,07149
2023-07-25 06:00:00+00:00,07460
2023-07-25 06:00:00+00:00,07471
2023-07-25 06:00:00+00:00,07481
2023-07-25 06:00:00+00:00,07577
2023-07-25 06:00:00+00:00,07280
2023-07-25 06:00:00+00:00,07110
2023-07-25 06:00:00+00:00,07117
2023-07-25 06:00:00+00:00,07130
2023-07-25 06:00:00+00:00,07240
2023-07-25 06:00:00+00:00,07255
2023-07-25 06:00:00+00:00,07761
2023-07-25 06:00:00+00:00,07790
2023-07-25 06:00:00+00:00,07072
2023-07-25 06:00:00+00:00,07168
2023-07-25 06:00:00+00:00,07181
2023-07-25 06:00:00+00:00,07190
2023-07-25 06:00:00+00:00,07299
2023-07-25 06:00:00+00:00,07005
2023-07-25 06:00:00+00:00,07015
2023-07-25 06:00:00+00:00,07020
2023-07-25 06:00:00+00:00,07027
2023-07-25 06:00:00+00:00,07037
2023-07-25 06:00:00+00:00,07139
2023-07-25 06:00:00+00:00,07314
2023-07-25 06:00:00+00:00,07335
2023-07-25 06:00:00+00:00,07434
2023-07-25 06:00:00+00:00,07510
2023-07-25 06:00:00+00:00,07607
2023-07-25 06:00:00+00:00,07535
2023-07-25 06:00:00+00:00,07558
2023-07-25 06:00:00+00:00,07621
2023-07-25 06:00:00+00:00,07627
2023-07-25 06:00:00+00:00,07630
2023-07-25 06:00:00+00:00,07643
2023-07-25 06:00:00+00:00,07747
2023-07-25 06:00:00+00:00,07222
2023-07-25 06:00:00+00:00,07591
2023-07-25 06:00:00+00:00,07650
2023-07-25 06:00:00+00:00,07690
2023-07-25 06:00:00+00:00,07149
2024-02-05 09:00:00+00:00,07460
2024-02-05 09:00:00+00:00,07471
2024-02-05 09:00:00+00:00,07481
2024-02-05 09:00:00+00:00,07577
2024-02-05 09:00:00+00:00,07280
2024-02-05 09:00:00+00:00,07110
2024-02-05 09:00:00+00:00,07117
2024-02-05 09:00:00+00:00,07130
2024-02-05 09:00:00+00:00,07240
2024-02-05 09:00:00+00:00,07255
2024-02-05 09:00:00+00:00,07761
2024-02-05 09:00:00+00:00,07790
2024-02-05 09:00:00+00:00,07072
2024-02-05 09:00:00+00:00,07168
2024-02-05 09:00:00+00:00,07181
2024-02-05 09:00:00+00:00,07190
2024-02-05 09:00:00+00:00,07299
2024-02-05 09:00:00+00:00,07005
2024-02-05 09:00:00+00:00,07015
2024-02-05 09:00:00+00:00,07020
2024-02-05 09:00:00+00:00,07027
2024-02-05 09:00:00+00:00,07037
2024-02-05 09:00:00+00:00,07139
2024-02-05 09:00:00+00:00,07314
2024-02-05 09:00:00+00:00,07335
2024-02-05 09:00:00+00:00,07434
2024-02-05 09:00:00+00:00,07510
2024-02-05 09:00:00+00:00,07607
2024-02-05 09:00:00+00:00,07535
2024-02-05 09:00:00+00:00,07558
2024-02-05 09:00:00+00:00,07621
2024-02-05 09:00:00+00:00,07627
2024-02-05 09:00:00+00:00,07630
2024-02-05 09:00:00+00:00,07643
2024-02-05 09:00:00+00:00,07747
2024-02-05 09:00:00+00:00,07222
2024-02-05 09:00:00+00:00,07591
2024-02-05 09:00:00+00:00,07650
2024-02-05 09:00:00+00:00,07690
2024-02-05 09:00:00+00:00,07149
2025-02-20 12:00:00+00:00,07460
2025-02-20 12:00:00+00:00,07471
2025-02-20 12:00:00+00:00,07481
2025-02-20 12:00:00+00:00,07577
2025-02-20 12:00:00+00:00,07280
2025-02-20 12:00:00+00:00,07110
2025-02-20 12:00:00+00:00,07117
2025-02-20 12:00:00+00:00,07130
2025-02-20 12:00:00+00:00,07240
2025-02-20 12:00:00+00:00,07255
2025-02-20 12:00:00+00:00,07761
2025-02-20 12:00:00+00:00,07790
2025-02-20 12:00:00+00:00,07072
2025-02-20 12:00:00+00:00,07168
2025-02-20 12:00:00+00:00,07181
2025-02-20 12:00:00+00:00,07190
2025-02-20 12:00:00+00:00,07299
2025-02-20 12:00:00+00:00,07005
2025-02-20 12:00:00+00:00,07015
2025-02-20 12:00:00+00:00,07020
2025-02-20 12:00:00+00:00,07027
2025-02-20 12:00:00+00:00,07037
2025-02-20 12:00:00+00:00,07139
2025-02-20 12:00:00+00:00,07314
2025-02-20 12:00:00+00:00,07335
2025-02-20 12:00:00+00:00,07434
2025-02-20 12:00:00+00:00,07510
2025-02-20 12:00:00+00:00,07607
2025-02-20 12:00:00+00:00,07535
2025-02-20 12:00:00+00:00,07558
2025-02-20 12:00:00+00:00,07621
2025-02-20 12:00:00+00:00,07627
2025-02-20 12:00:00+00:00,07630
2025-02-20 12:00:00+00:00,07643
2025-02-20 12:00:00+00:00,07747
2025-02-20 12:00:00+00:00,07222
2025-02-20 12:00:00+00:00,07591
2025-02-20 12:00:00+00:00,07650
2025-02-20 12:00:00+00:00,07690
2025-02-20 12:00:00+00:00,07149
2025-04-14 09:00:00+00:00,07460
2025-04-14 09:00:00+00:00,07471
2025-04-14 09:00:00+00:00,07481
2025-04-14 09:00:00+00:00,07577
2025-04-14 09:00:00+00:00,07280
2025-04-14 09:00:00+00:00,07110
2025-04-14 09:00:00+00:00,07117
2025-04-14 09:00:00+00:00,07130
2025-04-14 09:00:00+00:00,07240
2025-04-14 09:00:00+00:00,07255
2025-04-14 09:00:00+00:00,07761
2025-04-14 09:00:00+00:00,07790
2025-04-14 09:00:00+00:00,07072
2025-04-14 09:00:00+00:00,07168
2025-04-14 09:00:00+00:00,07181
2025-04-14 09:00:00+00:00,07190
2025-04-14 09:00:00+00:00,07299
2025-04-14 09:00:00+00:00,07005
2025-04-14 09:00:00+00:00,07015
2025-04-14 09:00:00+00:00,07020
2025-04-14 09:00:00+00:00,07027
2025-04-14 09:00:00+00:00,07037
2025-04-14 09:00:00+00:00,07139
2025-04-14 09:00:00+00:00,07314
2025-04-14 09:00:00+00:00,07335
2025-04-14 09:00:00+00:00,07434
2025-04-14 09:00:00+00:00,07510
2025-04-14 09:00:00+00:00,07607
2025-04-14 09:00:00+00:00,07535
2025-04-14 09:00:00+00:00,07558
2025-04-14 09:00:00+00:00,07621
2025-04-14 09:00:00+00:00,07627
2025-04-14 09:00:00+00:00,07630
2025-04-14 09:00:00+00:00,07643
2025-04-14 09:00:00+00:00,07747
2025-04-14 09:00:00+00:00,07222
2025-04-14 09:00:00+00:00,07591
2025-04-14 09:00:00+00:00,07650
2025-04-14 09:00:00+00:00,07690
2025-04-14 09:00:00+00:00,07149
2025-06-03 03:00:00+00:00,07471
