timestamp,station,temperature_precedente,temperature,variation,variation_absolue
2023-08-09 12:00:00+00:00,07650,0.0,31.90000000000004,31.90000000000004,31.90000000000004
2025-09-23 18:00:00+00:00,07627,-11.299999999999956,11.569222113268973,22.86922211326893,22.86922211326893
2025-09-23 15:00:00+00:00,07627,8.600000000000023,-11.299999999999956,-19.899999999999977,19.899999999999977
2023-08-09 09:00:00+00:00,07650,18.80000000000001,0.0,-18.80000000000001,18.80000000000001
2022-06-18 21:00:00+00:00,07139,36.200000000000045,19.0,-17.200000000000045,17.200000000000045
2019-03-12 09:00:00+00:00,07621,-1.8999999999999773,15.200000000000044,17.100000000000023,17.100000000000023
2023-08-24 18:00:00+00:00,07299,37.5,20.40000000000004,-17.09999999999996,17.09999999999996
2025-08-13 15:00:00+00:00,07627,37.60000000000002,20.600000000000023,-17.0,17.0
2019-09-29 09:00:00+00:00,07471,3.400000000000034,19.600000000000023,16.19999999999999,16.19999999999999
2023-07-11 18:00:00+00:00,07280,36.10000000000002,20.0,-16.100000000000023,16.100000000000023
2021-01-20 12:00:00+00:00,07627,1.2000000000000457,17.100000000000023,15.899999999999977,15.899999999999977
2019-01-02 09:00:00+00:00,07591,-4.399999999999977,11.300000000000011,15.699999999999989,15.699999999999989
2019-07-23 21:00:00+00:00,07072,34.60000000000002,18.90000000000004,-15.699999999999982,15.699999999999982
2022-07-18 21:00:00+00:00,07072,34.10000000000002,18.40000000000004,-15.699999999999982,15.699999999999982
2020-08-01 18:00:00+00:00,07577,38.200000000000045,22.600000000000023,-15.600000000000023,15.600000000000023
2020-08-25 09:00:00+00:00,07627,12.200000000000044,27.600000000000023,15.399999999999979,15.399999999999979
2025-06-13 12:00:00+00:00,07168,17.100000000000023,32.5,15.399999999999977,15.399999999999977
2018-09-17 09:00:00+00:00,07072,4.600000000000023,19.90000000000004,15.300000000000018,15.300000000000018
2021-10-01 09:00:00+00:00,07471,0.6000000000000227,15.900000000000034,15.300000000000011,15.300000000000011
2023-03-16 09:00:00+00:00,07621,2.800000000000012,18.0,15.199999999999989,15.199999999999989
2019-07-25 18:00:00+00:00,07037,40.900000000000034,25.80000000000001,-15.100000000000023,15.100000000000023
2020-07-31 18:00:00+00:00,07005,37.60000000000002,22.5,-15.100000000000023,15.100000000000023
